periodo,periodo_dt,indicador,promedio,mediana,minimo,maximo,bancos_con_dato
2009-01,2009-01-01,activos_totales,643.2348,288.57,8.31,4353.79,25
2009-02,2009-02-01,activos_totales,651.2508333333334,270.625,8.33,4326.13,24
2009-03,2009-03-01,activos_totales,634.8924,288.54,8.85,4288.87,25
2009-04,2009-04-01,activos_totales,641.7916,267.06,8.48,4427.24,25
2009-05,2009-05-01,activos_totales,644.4083999999999,280.77,8.47,4450.86,25
2009-06,2009-06-01,activos_totales,639.936,295.78,8.54,4339.2,25
2009-07,2009-07-01,activos_totales,646.4252,287.86,8.52,4434.2,25
2009-08,2009-08-01,activos_totales,660.5856,291.22,8.55,4453.47,25
2009-09,2009-09-01,activos_totales,654.7592,291.42,8.64,4469.44,25
2009-10,2009-10-01,activos_totales,659.2719999999999,280.64,8.06,4520.85,25
2009-11,2009-11-01,activos_totales,669.7275999999999,284.55,8.37,4622.78,25
2009-12,2009-12-01,activos_totales,701.0244,292.93,8.34,4767.12,25
2010-01,2010-01-01,activos_totales,711.388,292.02,8.59,4890.9,25
2010-02,2010-02-01,activos_totales,719.2972,314.37,8.37,4909.13,25
2010-03,2010-03-01,activos_totales,730.7244000000001,314.04,8.91,4986.7,25
2010-04,2010-04-01,activos_totales,742.5236,301.28,8.88,5133.99,25
2010-05,2010-05-01,activos_totales,747.2236,296.62,8.58,5182.26,25
2010-06,2010-06-01,activos_totales,748.722,296.4,8.96,5132.09,25
2010-07,2010-07-01,activos_totales,761.5011999999999,290.04,9.0,5211.75,25
2010-08,2010-08-01,activos_totales,762.462,292.46,9.15,5175.32,25
2010-09,2010-09-01,activos_totales,765.3272000000001,297.8,8.79,5180.4,25
2010-10,2010-10-01,activos_totales,775.0060000000001,303.56,8.98,5443.96,25
2010-11,2010-11-01,activos_totales,792.918,309.01,9.36,5553.79,25
2010-12,2010-12-01,activos_totales,823.8124,325.17,9.33,5767.74,25
2011-01,2011-01-01,activos_totales,814.6124000000001,321.52,9.28,5694.52,25
2011-02,2011-02-01,activos_totales,830.5631999999999,324.8,9.18,5918.57,25
2011-03,2011-03-01,activos_totales,853.1744,333.43,9.31,6008.3,25
2011-04,2011-04-01,activos_totales,868.1928,333.65,9.29,6190.42,25
2011-05,2011-05-01,activos_totales,869.4716000000001,338.43,9.24,6200.4,25
2011-06,2011-06-01,activos_totales,876.4996000000001,342.99,9.56,6245.49,25
2011-07,2011-07-01,activos_totales,888.7572,345.41,9.71,6371.63,25
2011-08,2011-08-01,activos_totales,899.2280000000001,349.64,9.68,6416.93,25
2011-09,2011-09-01,activos_totales,882.245,343.16999999999996,10.18,6579.47,26
2011-10,2011-10-01,activos_totales,886.8780769230768,355.34000000000003,10.41,6550.92,26
2011-11,2011-11-01,activos_totales,880.5153846153846,360.56,9.86,6468.43,26
2011-12,2011-12-01,activos_totales,917.9169230769231,364.65,10.22,6757.47,26
2012-01,2012-01-01,activos_totales,932.4157692307692,366.585,10.03,6952.76,26
2012-02,2012-02-01,activos_totales,948.5307692307692,367.405,10.48,7002.78,26
2012-03,2012-03-01,activos_totales,977.3869230769232,376.005,10.58,7245.31,26
2012-04,2012-04-01,activos_totales,987.8773076923078,373.595,10.61,7464.36,26
2012-05,2012-05-01,activos_totales,987.8242307692308,380.35,10.68,7500.98,26
2012-06,2012-06-01,activos_totales,992.738076923077,387.145,10.24,7463.97,26
2012-07,2012-07-01,activos_totales,986.5269230769231,389.24,10.21,7600.31,26
2012-08,2012-08-01,activos_totales,998.9230769230769,391.93,10.27,7673.88,26
2012-09,2012-09-01,activos_totales,995.631923076923,393.46000000000004,10.94,7525.58,26
2012-10,2012-10-01,activos_totales,1015.6803846153846,398.08,10.78,7689.46,26
2012-11,2012-11-01,activos_totales,1031.106153846154,400.065,10.68,7719.21,26
2012-12,2012-12-01,activos_totales,1072.13,412.235,10.92,8092.71,26
2013-01,2013-01-01,activos_totales,1049.6976923076923,404.105,11.76,7859.79,26
2013-02,2013-02-01,activos_totales,1059.6676923076923,396.15999999999997,11.57,7927.77,26
2013-03,2013-03-01,activos_totales,1107.9216000000001,399.5,11.58,8092.89,25
2013-04,2013-04-01,activos_totales,1161.5379166666667,491.96500000000003,11.77,8272.7,24
2013-05,2013-05-01,activos_totales,1163.1133333333335,483.615,11.54,8335.0,24
2013-06,2013-06-01,activos_totales,1168.875,499.845,11.61,8415.79,24
2013-07,2013-07-01,activos_totales,1178.0404166666667,511.14,12.64,8396.95,24
2013-08,2013-08-01,activos_totales,1187.1241666666667,517.09,12.24,8453.61,24
2013-09,2013-09-01,activos_totales,1190.63625,507.515,12.57,8379.47,24
2013-10,2013-10-01,activos_totales,1202.0266666666666,531.64,12.41,8416.34,24
2013-11,2013-11-01,activos_totales,1232.7379166666667,524.58,12.38,8608.88,24
2013-12,2013-12-01,activos_totales,1280.7666666666667,513.4350000000001,12.18,9023.58,24
2014-01,2014-01-01,activos_totales,1259.4125000000001,518.8149999999999,12.41,8772.61,24
2014-02,2014-02-01,activos_totales,1264.0925,520.57,13.83,8925.27,24
2014-03,2014-03-01,activos_totales,1230.6940000000002,474.11,16.18,9026.18,25
2014-04,2014-04-01,activos_totales,1228.318,469.11,14.02,9013.19,25
2014-05,2014-05-01,activos_totales,1231.9068,460.75,13.64,9063.67,25
2014-06,2014-06-01,activos_totales,1253.1616000000001,464.06,14.01,9142.6,25
2014-07,2014-07-01,activos_totales,1258.5388,462.72,14.24,9178.22,25
2014-08,2014-08-01,activos_totales,1325.5516666666665,511.45000000000005,22.95,9294.83,24
2014-09,2014-09-01,activos_totales,1334.0449999999998,514.31,22.78,9265.46,24
2014-10,2014-10-01,activos_totales,1340.855,459.73,23.61,9285.24,24
2014-11,2014-11-01,activos_totales,1353.5775,436.14,24.36,9434.83,24
2014-12,2014-12-01,activos_totales,1461.7008695652175,462.63,24.72,9883.04,23
2015-01,2015-01-01,activos_totales,1426.8256521739129,450.23,22.78,9656.76,23
2015-02,2015-02-01,activos_totales,1429.8747826086958,450.81,24.25,9510.42,23
2015-03,2015-03-01,activos_totales,1439.787391304348,450.19,19.92,9621.22,23
2015-04,2015-04-01,activos_totales,1410.3947826086958,438.84,12.46,9398.87,23
2015-05,2015-05-01,activos_totales,1404.6726086956521,433.23,12.38,9405.38,23
2015-06,2015-06-01,activos_totales,1397.1139130434783,431.62,12.43,9317.68,23
2015-07,2015-07-01,activos_totales,1381.901304347826,418.84,0.0,9215.1,23
2015-08,2015-08-01,activos_totales,1434.0240909090908,453.29,21.92,9149.18,22
2015-09,2015-09-01,activos_totales,1408.368181818182,439.2,21.57,8992.67,22
2015-10,2015-10-01,activos_totales,1406.6286363636364,441.45500000000004,21.29,8935.43,22
2015-11,2015-11-01,activos_totales,1401.205909090909,465.805,19.61,8836.0,22
2015-12,2015-12-01,activos_totales,1402.913181818182,444.3,21.49,8928.28,22
2016-01,2016-01-01,activos_totales,1418.9745454545455,437.555,18.94,8916.5,22
2016-02,2016-02-01,activos_totales,1441.6222727272727,452.125,18.21,9072.87,22
2016-03,2016-03-01,activos_totales,1466.9281818181817,482.555,18.44,9013.76,22
2016-04,2016-04-01,activos_totales,1451.933181818182,463.74,18.64,8963.62,22
2016-05,2016-05-01,activos_totales,1441.3636363636363,453.98,18.65,9087.06,22
2016-06,2016-06-01,activos_totales,1472.1277272727273,471.735,19.47,9258.26,22
2016-07,2016-07-01,activos_totales,1476.9195454545454,472.345,26.94,9235.66,22
2016-08,2016-08-01,activos_totales,1500.3195454545455,472.74,27.59,9411.13,22
2016-09,2016-09-01,activos_totales,1524.6227272727272,474.985,27.2,9518.22,22
2016-10,2016-10-01,activos_totales,1480.1082608695651,417.88,29.59,9551.32,23
2016-11,2016-11-01,activos_totales,1487.8134782608695,400.87,28.79,9692.38,23
2016-12,2016-12-01,activos_totales,1547.787391304348,421.66,29.45,10116.06,23
2017-01,2017-01-01,activos_totales,1520.83,413.82,27.62,9927.34,23
2017-02,2017-02-01,activos_totales,1540.7343478260868,423.67,29.8,10129.77,23
2017-03,2017-03-01,activos_totales,1570.0217391304348,419.57,28.54,10355.65,23
2017-04,2017-04-01,activos_totales,1552.8256521739129,422.01,29.27,10291.64,23
2017-05,2017-05-01,activos_totales,1527.1947826086957,417.33,29.59,10114.26,23
2017-06,2017-06-01,activos_totales,1550.3295833333334,487.83500000000004,29.69,10296.44,24
2017-07,2017-07-01,activos_totales,1544.0145833333333,493.92999999999995,30.23,10246.9,24
2017-08,2017-08-01,activos_totales,1541.4820833333333,504.765,29.16,10201.03,24
2017-09,2017-09-01,activos_totales,1533.082916666667,498.53,29.12,10070.78,24
2017-10,2017-10-01,activos_totales,1550.962083333333,507.78999999999996,32.87,10145.98,24
2017-11,2017-11-01,activos_totales,1580.6783333333333,538.325,31.37,10346.12,24
2017-12,2017-12-01,activos_totales,1623.95625,544.87,31.54,10615.39,24
2018-01,2018-01-01,activos_totales,1605.1833333333334,545.505,33.86,10547.86,24
2018-02,2018-02-01,activos_totales,1617.505,529.235,28.61,10702.45,24
2018-03,2018-03-01,activos_totales,1639.3412499999997,547.44,22.34,10827.71,24
2018-04,2018-04-01,activos_totales,1629.9579166666665,532.475,19.78,10656.65,24
2018-05,2018-05-01,activos_totales,1615.91125,519.21,18.25,10428.15,24
2018-06,2018-06-01,activos_totales,1626.7129166666666,544.46,17.01,10400.64,24
2018-07,2018-07-01,activos_totales,1631.43625,553.4649999999999,16.4,10424.93,24
2018-08,2018-08-01,activos_totales,1638.0354166666666,546.75,15.51,10443.48,24
2018-09,2018-09-01,activos_totales,1639.8345833333333,553.855,15.18,10306.82,24
2018-10,2018-10-01,activos_totales,1641.7758333333334,575.4549999999999,14.66,10289.88,24
2018-11,2018-11-01,activos_totales,1661.6041666666667,590.05,14.67,10386.24,24
2018-12,2018-12-01,activos_totales,1707.6658333333335,619.515,15.04,10664.47,24
2019-01,2019-01-01,activos_totales,1681.3075,606.39,14.24,10466.78,24
2019-02,2019-02-01,activos_totales,1710.13875,612.9549999999999,13.97,10592.64,24
2019-04,2019-04-01,activos_totales,1723.6691666666666,587.025,15.54,10857.63,24
2019-05,2019-05-01,activos_totales,1721.3129166666668,556.035,14.92,10742.98,24
2019-06,2019-06-01,activos_totales,1736.3179166666666,564.1500000000001,14.7,10802.8,24
2019-07,2019-07-01,activos_totales,1748.5020833333335,550.805,15.43,10886.5,24
2019-08,2019-08-01,activos_totales,1770.2079166666665,553.98,15.11,10704.68,24
2019-09,2019-09-01,activos_totales,1776.5008333333333,574.7,16.08,10611.59,24
2019-10,2019-10-01,activos_totales,1775.7870833333334,573.55,17.29,10607.69,24
2019-11,2019-11-01,activos_totales,1786.9937499999999,581.715,18.73,10734.33,24
2019-12,2019-12-01,activos_totales,1857.6108333333334,579.075,20.16,11437.42,24
2020-01,2020-01-01,activos_totales,1858.8133333333333,579.8299999999999,21.7,11325.08,24
2020-02,2020-02-01,activos_totales,1888.2175,613.8199999999999,22.47,11555.22,24
2020-03,2020-03-01,activos_totales,1833.9858333333334,576.6949999999999,24.32,11160.64,24
2020-04,2020-04-01,activos_totales,1821.6104166666667,575.7049999999999,23.35,11147.83,24
2020-05,2020-05-01,activos_totales,1828.4320833333331,572.565,24.28,11411.71,24
2020-06,2020-06-01,activos_totales,1843.8325000000002,562.135,23.6,11569.6,24
2020-07,2020-07-01,activos_totales,1853.1575,553.63,23.16,11577.33,24
2020-08,2020-08-01,activos_totales,1875.7562500000001,548.515,24.08,11701.44,24
2020-09,2020-09-01,activos_totales,1890.42875,581.6,24.72,11706.79,24
2020-10,2020-10-01,activos_totales,1944.3929166666667,574.665,26.35,12365.19,24
2020-11,2020-11-01,activos_totales,1946.3858333333335,572.115,27.6,12071.05,24
2020-12,2020-12-01,activos_totales,2019.1120833333334,589.5,25.89,12614.72,24
2021-01,2021-01-01,activos_totales,1994.67875,576.145,25.47,12352.82,24
2021-02,2021-02-01,activos_totales,1994.1383333333333,588.5699999999999,26.63,12249.91,24
2021-03,2021-03-01,activos_totales,2021.1045833333335,609.655,27.66,12436.33,24
2021-04,2021-04-01,activos_totales,2010.59,599.255,27.64,12517.01,24
2021-05,2021-05-01,activos_totales,2018.9641666666666,606.745,29.73,12488.76,24
2021-06,2021-06-01,activos_totales,2022.9470833333335,586.5999999999999,28.89,12431.83,24
2021-07,2021-07-01,activos_totales,2037.95375,609.13,30.12,12626.01,24
2021-08,2021-08-01,activos_totales,2048.9175,619.0,31.52,12645.68,24
2021-09,2021-09-01,activos_totales,2081.1316666666667,655.34,32.04,12880.71,24
2021-10,2021-10-01,activos_totales,2103.65875,654.79,32.4,12556.48,24
2021-11,2021-11-01,activos_totales,2115.048333333333,637.7049999999999,31.85,12863.14,24
2021-12,2021-12-01,activos_totales,2183.2766666666666,644.6400000000001,31.86,13400.42,24
2022-02,2022-02-01,activos_totales,2188.73,646.8050000000001,32.88,13683.21,24
2022-03,2022-03-01,activos_totales,2223.369166666667,673.7049999999999,32.11,13838.0,24
2022-04,2022-04-01,activos_totales,2197.1370833333335,647.38,32.3,13761.23,24
2022-05,2022-05-01,activos_totales,2198.2316666666666,660.115,31.73,13823.08,24
2022-06,2022-06-01,activos_totales,2194.9804166666668,687.0250000000001,31.18,13622.95,24
2022-07,2022-07-01,activos_totales,2218.9945833333336,683.075,31.61,14238.45,24
2022-08,2022-08-01,activos_totales,2261.88,715.36,31.45,14645.6,24
2022-09,2022-09-01,activos_totales,2274.6470833333333,701.815,30.44,14609.77,24
2022-10,2022-10-01,activos_totales,2296.0379166666667,698.085,30.44,14790.2,24
2022-11,2022-11-01,activos_totales,2308.414166666667,715.175,31.51,14908.59,24
2022-12,2022-12-01,activos_totales,2370.2312500000003,727.54,31.4,15465.48,24
2023-01,2023-01-01,activos_totales,2379.715833333333,769.7249999999999,29.07,15733.58,24
2023-02,2023-02-01,activos_totales,2388.90625,760.495,30.36,15839.22,24
2023-03,2023-03-01,activos_totales,2422.07625,767.485,30.18,16047.35,24
2023-04,2023-04-01,activos_totales,2410.1225,753.675,30.46,15971.32,24
2023-05,2023-05-01,activos_totales,2495.8,790.3,29.37,15802.44,23
2023-06,2023-06-01,activos_totales,2498.580434782609,766.51,29.11,15856.41,23
2023-07,2023-07-01,activos_totales,2506.48,767.31,30.1,16000.31,23
2023-08,2023-08-01,activos_totales,2543.7130434782607,821.59,30.75,16226.6,23
2023-09,2023-09-01,activos_totales,2549.992608695652,790.7,30.82,16289.96,23
2023-10,2023-10-01,activos_totales,2559.535652173913,850.02,30.84,16425.29,23
2023-11,2023-11-01,activos_totales,2588.596956521739,811.44,31.86,16712.19,23
2023-12,2023-12-01,activos_totales,2638.222608695652,818.57,33.16,17048.06,23
2024-01,2024-01-01,activos_totales,2603.3552173913044,791.01,32.23,16791.28,23
2024-02,2024-02-01,activos_totales,2624.211304347826,802.66,32.74,17059.68,23
2024-03,2024-03-01,activos_totales,2653.165652173913,812.09,34.23,17112.02,23
2024-04,2024-04-01,activos_totales,2664.52,827.03,31.66,17426.72,23
2024-05,2024-05-01,activos_totales,2696.655652173913,828.06,33.05,17657.05,23
2024-06,2024-06-01,activos_totales,2745.3134782608695,825.52,30.81,17987.98,23
2024-07,2024-07-01,activos_totales,2771.2478260869566,835.8,32.15,18125.09,23
2024-08,2024-08-01,activos_totales,2821.9560869565216,867.74,32.64,18302.38,23
2024-09,2024-09-01,activos_totales,2851.5004347826084,856.8,32.35,18450.96,23
2024-10,2024-10-01,activos_totales,2891.865217391304,861.95,35.41,18760.88,23
2024-11,2024-11-01,activos_totales,2923.222608695652,871.7,33.92,19083.76,23
2024-12,2024-12-01,activos_totales,2993.47652173913,857.3,40.52,19493.1,23
2025-01,2025-01-01,activos_totales,3009.184347826087,849.46,40.19,19687.13,23
2025-02,2025-02-01,activos_totales,3051.0391304347822,830.11,40.25,20164.53,23
2025-03,2025-03-01,activos_totales,3073.003043478261,814.11,40.33,20366.01,23
2025-04,2025-04-01,activos_totales,3077.111304347826,810.75,39.96,20640.09,23
2025-05,2025-05-01,activos_totales,3108.796086956522,794.71,41.71,20685.73,23
2025-06,2025-06-01,activos_totales,3157.378695652174,783.73,43.17,21024.62,23
2025-07,2025-07-01,activos_totales,3153.422173913043,786.77,40.74,20923.04,23
2025-08,2025-08-01,activos_totales,3186.1847826086955,782.1,41.83,21022.05,23
2025-09,2025-09-01,activos_totales,3206.884347826087,775.99,41.77,21076.39,23
2025-10,2025-10-01,activos_totales,3240.012608695652,770.25,38.96,21198.77,23
2025-11,2025-11-01,activos_totales,3290.6869565217394,763.13,38.96,21495.77,23
2025-12,2025-12-01,activos_totales,3332.7647826086954,804.85,38.81,21542.77,23
2026-01,2026-01-01,activos_totales,3348.6739130434785,783.2,37.91,21554.82,23
2026-02,2026-02-01,activos_totales,3405.3130434782606,875.36,37.97,22074.38,23
2026-03,2026-03-01,activos_totales,3450.8517391304345,885.9,37.9,22343.92,23
2009-01,2009-01-01,morosidad,5.5636,3.63,0.69,23.99,25
2009-02,2009-02-01,morosidad,6.478333333333333,4.355,0.67,23.71,24
2009-03,2009-03-01,morosidad,5.74,3.62,0.71,24.71,25
2009-04,2009-04-01,morosidad,6.0848,4.15,0.73,24.5,25
2009-05,2009-05-01,morosidad,5.5328,3.93,0.69,13.1,25
2009-06,2009-06-01,morosidad,5.135599999999999,3.8,0.7,13.9,25
2009-07,2009-07-01,morosidad,9.0352,4.19,0.7,98.02,25
2009-08,2009-08-01,morosidad,5.626799999999999,4.26,0.0,12.79,25
2009-09,2009-09-01,morosidad,6.5368,4.38,1.2,23.62,25
2009-10,2009-10-01,morosidad,7.969600000000001,4.57,1.14,53.21,25
2009-11,2009-11-01,morosidad,6.446000000000001,4.69,1.12,23.08,25
2009-12,2009-12-01,morosidad,8.6212,3.41,1.17,90.33,25
2010-01,2010-01-01,morosidad,6.19,3.62,1.02,27.31,25
2010-02,2010-02-01,morosidad,6.453199999999999,4.59,1.13,27.4,25
2010-03,2010-03-01,morosidad,5.816,3.71,1.01,26.54,25
2010-04,2010-04-01,morosidad,9.0948,3.75,1.26,80.07,25
2010-05,2010-05-01,morosidad,9.585600000000001,4.18,1.16,85.8,25
2010-06,2010-06-01,morosidad,10.738,4.05,1.0,84.95,25
2010-07,2010-07-01,morosidad,9.087200000000001,4.23,1.03,86.56,25
2010-08,2010-08-01,morosidad,9.754399999999999,4.31,1.0,97.08,25
2010-09,2010-09-01,morosidad,5.3088,3.33,1.01,25.16,25
2010-10,2010-10-01,morosidad,12.1504,4.28,1.05,100.0,25
2010-11,2010-11-01,morosidad,8.6028,3.61,1.02,100.0,25
2010-12,2010-12-01,morosidad,14.655600000000002,3.35,1.07,100.0,25
2011-01,2011-01-01,morosidad,11.2224,3.59,1.13,100.0,25
2011-02,2011-02-01,morosidad,12.073599999999999,3.58,1.23,100.0,25
2011-03,2011-03-01,morosidad,11.9056,3.0,1.18,100.0,25
2011-04,2011-04-01,morosidad,11.4824,2.96,1.18,100.0,25
2011-05,2011-05-01,morosidad,11.4044,2.87,1.27,100.0,25
2011-06,2011-06-01,morosidad,10.5956,3.4,1.32,100.0,25
2011-07,2011-07-01,morosidad,7.6648000000000005,2.77,1.01,100.0,25
2011-08,2011-08-01,morosidad,8.5352,3.24,1.37,84.39,25
2011-09,2011-09-01,morosidad,8.659615384615385,3.6799999999999997,1.35,77.39,26
2011-10,2011-10-01,morosidad,8.733461538461539,3.8649999999999998,1.5,80.59,26
2011-11,2011-11-01,morosidad,9.128076923076922,4.145,0.78,79.39,26
2011-12,2011-12-01,morosidad,7.036153846153846,2.425,0.76,63.77,26
2012-01,2012-01-01,morosidad,8.63,3.49,1.39,75.23,26
2012-02,2012-02-01,morosidad,6.19923076923077,3.34,1.0,55.47,26
2012-03,2012-03-01,morosidad,9.543076923076923,3.2,1.27,94.74,26
2012-04,2012-04-01,morosidad,9.154615384615385,4.21,1.12,89.48,26
2012-05,2012-05-01,morosidad,9.233076923076924,3.63,0.46,94.53,26
2012-06,2012-06-01,morosidad,9.10576923076923,3.9299999999999997,0.48,87.26,26
2012-07,2012-07-01,morosidad,10.241923076923078,3.885,0.45,93.15,26
2012-08,2012-08-01,morosidad,11.489230769230769,4.015000000000001,1.2,94.94,26
2012-09,2012-09-01,morosidad,12.192692307692308,4.63,1.43,92.93,26
2012-10,2012-10-01,morosidad,8.923076923076923,4.45,1.02,53.47,26
2012-11,2012-11-01,morosidad,13.186153846153847,4.865,1.68,99.9,26
2012-12,2012-12-01,morosidad,12.08423076923077,4.29,1.33,85.2,26
2013-01,2013-01-01,morosidad,13.510384615384615,5.105,1.43,90.24,26
2013-02,2013-02-01,morosidad,14.877307692307692,5.67,1.45,98.7,26
2013-03,2013-03-01,morosidad,8.75923076923077,4.54,0.0,50.48,26
2013-04,2013-04-01,morosidad,12.018461538461539,4.1850000000000005,0.0,92.7,26
2013-05,2013-05-01,morosidad,12.599230769230768,4.045,0.0,95.82,26
2013-06,2013-06-01,morosidad,12.403076923076922,4.095,0.0,90.57,26
2013-07,2013-07-01,morosidad,12.641923076923076,4.039999999999999,0.0,97.67,26
2013-08,2013-08-01,morosidad,8.071153846153846,3.45,0.0,83.38,26
2013-09,2013-09-01,morosidad,10.063076923076922,3.73,0.0,97.97,26
2013-10,2013-10-01,morosidad,6.555384615384615,3.035,0.0,43.27,26
2013-11,2013-11-01,morosidad,10.201923076923077,3.51,0.0,93.57,26
2013-12,2013-12-01,morosidad,8.890384615384615,3.1100000000000003,0.0,78.84,26
2014-01,2014-01-01,morosidad,9.541153846153845,3.675,0.0,84.23,26
2014-02,2014-02-01,morosidad,10.095384615384615,3.745,0.0,90.94,26
2014-03,2014-03-01,morosidad,9.77037037037037,4.51,0.0,88.97,27
2014-04,2014-04-01,morosidad,7.9907407407407405,4.11,0.0,81.48,27
2014-05,2014-05-01,morosidad,8.528518518518519,4.26,0.0,88.91,27
2014-06,2014-06-01,morosidad,8.607037037037037,4.44,0.0,91.1,27
2014-07,2014-07-01,morosidad,9.008888888888889,4.37,0.0,94.75,27
2014-08,2014-08-01,morosidad,9.483076923076924,4.61,0.0,92.84,26
2014-09,2014-09-01,morosidad,9.917307692307693,4.805,0.0,96.15,26
2014-10,2014-10-01,morosidad,9.443846153846154,4.57,0.0,89.88,26
2014-11,2014-11-01,morosidad,8.859615384615385,4.055,0.0,97.58,26
2014-12,2014-12-01,morosidad,10.840769230769231,3.93,0.0,95.48,26
2015-01,2015-01-01,morosidad,13.802608695652173,5.04,0.18,96.31,23
2015-02,2015-02-01,morosidad,9.828695652173913,5.65,0.17,87.5,23
2015-03,2015-03-01,morosidad,8.650434782608695,5.41,0.04,60.43,23
2015-04,2015-04-01,morosidad,7.455652173913043,5.34,0.04,49.72,23
2015-05,2015-05-01,morosidad,8.406086956521738,5.53,0.04,54.41,23
2015-06,2015-06-01,morosidad,8.821304347826088,5.13,0.04,60.06,23
2015-07,2015-07-01,morosidad,10.778695652173912,5.5,0.0,98.31,23
2015-08,2015-08-01,morosidad,7.41,5.645,0.04,44.09,22
2015-09,2015-09-01,morosidad,6.211363636363637,5.449999999999999,0.04,25.42,22
2015-10,2015-10-01,morosidad,6.624545454545455,6.005,0.05,29.69,22
2015-11,2015-11-01,morosidad,7.536363636363637,6.720000000000001,1.36,35.32,22
2015-12,2015-12-01,morosidad,6.752272727272728,5.79,0.05,39.42,22
2016-01,2016-01-01,morosidad,8.138636363636364,6.365,0.04,48.27,22
2016-02,2016-02-01,morosidad,8.777727272727274,6.925,0.04,57.86,22
2016-03,2016-03-01,morosidad,9.501363636363637,7.1,0.04,67.73,22
2016-04,2016-04-01,morosidad,8.637727272727274,6.975,0.04,45.9,22
2016-05,2016-05-01,morosidad,8.882727272727273,7.745,0.04,50.5,22
2016-06,2016-06-01,morosidad,8.74,6.785,0.05,56.49,22
2016-07,2016-07-01,morosidad,9.389090909090909,6.925000000000001,0.05,61.99,22
2016-08,2016-08-01,morosidad,9.44681818181818,7.3,0.05,65.91,22
2016-09,2016-09-01,morosidad,9.32090909090909,6.87,0.06,69.48,22
2016-10,2016-10-01,morosidad,8.18608695652174,6.93,0.06,39.74,23
2016-11,2016-11-01,morosidad,8.264347826086956,7.13,0.05,37.97,23
2016-12,2016-12-01,morosidad,7.485652173913043,5.98,0.0,37.16,23
2017-01,2017-01-01,morosidad,8.189130434782609,6.27,0.0,43.57,23
2017-02,2017-02-01,morosidad,8.874347826086955,6.18,0.0,46.65,23
2017-03,2017-03-01,morosidad,10.255652173913044,6.23,1.38,49.8,23
2017-04,2017-04-01,morosidad,8.411739130434782,6.34,1.34,32.63,23
2017-05,2017-05-01,morosidad,8.489999999999998,5.84,1.31,35.67,23
2017-06,2017-06-01,morosidad,7.7316666666666665,5.6899999999999995,1.22,38.31,24
2017-07,2017-07-01,morosidad,7.84125,5.529999999999999,1.21,36.61,24
2017-08,2017-08-01,morosidad,7.545833333333333,5.1899999999999995,1.2,32.53,24
2017-09,2017-09-01,morosidad,6.489166666666667,5.07,1.19,23.02,24
2017-10,2017-10-01,morosidad,6.23875,4.42,1.15,24.53,24
2017-11,2017-11-01,morosidad,6.220833333333332,4.385,0.0,26.72,24
2017-12,2017-12-01,morosidad,9.460833333333333,4.29,0.0,86.62,24
2018-01,2018-01-01,morosidad,10.117083333333333,4.615,0.0,91.61,24
2018-02,2018-02-01,morosidad,7.142083333333333,4.395,0.0,48.5,24
2018-03,2018-03-01,morosidad,7.855833333333333,4.34,0.0,69.95,24
2018-04,2018-04-01,morosidad,7.493333333333333,4.37,0.0,70.4,24
2018-05,2018-05-01,morosidad,11.549999999999999,4.4399999999999995,0.0,95.58,24
2018-06,2018-06-01,morosidad,11.099583333333333,3.9450000000000003,0.0,90.91,24
2018-07,2018-07-01,morosidad,11.229999999999999,4.21,0.0,96.99,24
2018-08,2018-08-01,morosidad,11.158333333333333,4.050000000000001,0.0,94.04,24
2018-09,2018-09-01,morosidad,7.19125,3.9450000000000003,0.0,72.95,24
2018-10,2018-10-01,morosidad,7.615416666666667,4.025,0.0,75.13,24
2018-11,2018-11-01,morosidad,7.643750000000001,3.8899999999999997,0.0,75.89,24
2018-12,2018-12-01,morosidad,11.1,3.59,0.0,86.97,24
2019-01,2019-01-01,morosidad,12.427916666666667,4.08,0.0,97.85,24
2019-02,2019-02-01,morosidad,8.644166666666665,3.755,0.0,83.35,24
2019-04,2019-04-01,morosidad,8.710833333333332,3.77,0.0,85.07,24
2019-05,2019-05-01,morosidad,9.224583333333333,3.945,0.0,86.22,24
2019-06,2019-06-01,morosidad,9.067083333333334,4.02,0.0,87.04,24
2019-07,2019-07-01,morosidad,9.082083333333333,3.945,0.0,82.41,24
2019-08,2019-08-01,morosidad,9.02,3.9050000000000002,0.0,79.92,24
2019-09,2019-09-01,morosidad,7.751666666666666,4.06,0.0,69.28,24
2019-10,2019-10-01,morosidad,7.510416666666667,4.33,0.0,59.66,24
2019-11,2019-11-01,morosidad,6.985833333333333,4.27,0.0,48.49,24
2019-12,2019-12-01,morosidad,6.077916666666667,3.51,0.0,42.1,24
2020-01,2020-01-01,morosidad,6.309166666666666,4.04,0.0,35.36,24
2020-02,2020-02-01,morosidad,6.460416666666666,4.355,0.0,31.78,24
2020-03,2020-03-01,morosidad,5.843333333333334,3.7800000000000002,0.0,30.65,24
2020-04,2020-04-01,morosidad,5.551666666666667,3.85,0.0,30.0,24
2020-05,2020-05-01,morosidad,5.48375,3.5949999999999998,0.0,30.11,24
2020-06,2020-06-01,morosidad,9.414166666666667,3.675,0.0,98.68,24
2020-07,2020-07-01,morosidad,12.81125,3.565,0.0,93.57,24
2020-08,2020-08-01,morosidad,5.16625,3.41,0.0,25.41,24
2020-09,2020-09-01,morosidad,5.96875,4.125,0.0,24.3,24
2020-10,2020-10-01,morosidad,4.801666666666667,2.955,0.0,24.16,24
2020-11,2020-11-01,morosidad,4.654583333333333,3.4050000000000002,0.0,18.2,24
2020-12,2020-12-01,morosidad,8.343333333333334,3.07,0.0,99.1,24
2021-01,2021-01-01,morosidad,4.687083333333333,3.395,0.0,15.36,24
2021-02,2021-02-01,morosidad,4.69125,3.43,0.0,16.36,24
2021-03,2021-03-01,morosidad,8.684583333333334,3.7350000000000003,0.0,97.27,24
2021-04,2021-04-01,morosidad,5.333749999999999,3.83,0.0,28.03,24
2021-05,2021-05-01,morosidad,4.7804166666666665,4.34,0.0,11.26,24
2021-06,2021-06-01,morosidad,8.828750000000001,3.95,0.0,95.69,24
2021-07,2021-07-01,morosidad,8.332916666666666,4.05,0.0,94.1,24
2021-08,2021-08-01,morosidad,8.81125,4.1850000000000005,0.0,95.15,24
2021-09,2021-09-01,morosidad,7.400416666666666,3.92,0.0,80.58,24
2021-10,2021-10-01,morosidad,7.2437499999999995,3.38,0.0,84.65,24
2021-11,2021-11-01,morosidad,7.331666666666667,3.15,0.0,93.26,24
2021-12,2021-12-01,morosidad,10.339583333333334,3.3449999999999998,0.0,99.78,24
2022-02,2022-02-01,morosidad,11.650833333333333,3.4749999999999996,0.0,99.7,24
2022-03,2022-03-01,morosidad,10.426666666666668,3.2800000000000002,0.0,83.0,24
2022-04,2022-04-01,morosidad,10.707500000000001,3.395,0.0,86.48,24
2022-05,2022-05-01,morosidad,10.8925,3.24,0.0,85.27,24
2022-06,2022-06-01,morosidad,10.144166666666667,3.285,0.0,75.94,24
2022-07,2022-07-01,morosidad,10.01875,3.34,0.0,81.09,24
2022-08,2022-08-01,morosidad,10.584999999999999,3.4450000000000003,0.0,82.21,24
2022-09,2022-09-01,morosidad,9.692083333333334,3.395,0.0,76.77,24
2022-10,2022-10-01,morosidad,10.349166666666667,3.46,0.0,82.29,24
2022-11,2022-11-01,morosidad,10.77375,3.675,0.0,86.6,24
2022-12,2022-12-01,morosidad,12.107083333333334,3.275,0.0,74.62,24
2023-01,2023-01-01,morosidad,12.673333333333332,4.609999999999999,0.0,97.99,24
2023-02,2023-02-01,morosidad,9.04625,4.0649999999999995,0.0,87.28,24
2023-03,2023-03-01,morosidad,8.449166666666667,4.73,0.0,74.79,24
2023-04,2023-04-01,morosidad,8.841666666666667,4.695,0.0,79.01,24
2023-05,2023-05-01,morosidad,8.986956521739131,4.15,0.0,83.81,23
2023-06,2023-06-01,morosidad,8.530434782608696,3.69,0.0,79.35,23
2023-07,2023-07-01,morosidad,5.768260869565217,3.99,0.0,29.77,23
2023-08,2023-08-01,morosidad,10.046086956521739,4.09,0.0,98.07,23
2023-09,2023-09-01,morosidad,9.764782608695652,4.03,0.0,88.11,23
2023-10,2023-10-01,morosidad,6.653913043478262,4.09,0.0,36.45,23
2023-11,2023-11-01,morosidad,6.643478260869564,4.02,0.0,39.55,23
2023-12,2023-12-01,morosidad,8.785217391304348,3.7,0.0,94.27,23
2024-01,2024-01-01,morosidad,5.276521739130435,3.83,0.0,18.97,23
2024-02,2024-02-01,morosidad,5.587826086956523,3.98,0.0,20.67,23
2024-03,2024-03-01,morosidad,5.840869565217392,3.96,0.0,22.2,23
2024-04,2024-04-01,morosidad,5.598260869565217,4.18,0.0,16.97,23
2024-05,2024-05-01,morosidad,5.94086956521739,4.25,0.0,18.08,23
2024-06,2024-06-01,morosidad,5.456956521739131,3.83,0.0,17.0,23
2024-07,2024-07-01,morosidad,5.421739130434783,4.42,0.0,17.66,23
2024-08,2024-08-01,morosidad,5.594347826086956,4.27,0.0,18.17,23
2024-09,2024-09-01,morosidad,5.602173913043478,4.01,0.0,19.86,23
2024-10,2024-10-01,morosidad,5.7730434782608695,4.02,0.0,20.96,23
2024-11,2024-11-01,morosidad,5.6121739130434785,4.02,0.0,19.51,23
2024-12,2024-12-01,morosidad,7.939130434782609,3.55,0.0,77.64,23
2025-01,2025-01-01,morosidad,7.727826086956522,3.44,0.0,70.93,23
2025-02,2025-02-01,morosidad,7.606521739130434,3.55,0.0,65.95,23
2025-03,2025-03-01,morosidad,8.943478260869567,3.62,0.0,98.43,23
2025-04,2025-04-01,morosidad,4.764782608695652,3.43,0.0,13.84,23
2025-05,2025-05-01,morosidad,4.470434782608695,3.65,0.0,12.54,23
2025-06,2025-06-01,morosidad,4.246086956521739,3.25,0.0,10.31,23
2025-07,2025-07-01,morosidad,8.333478260869565,3.63,0.0,95.23,23
2025-08,2025-08-01,morosidad,4.141739130434783,3.56,0.0,10.72,23
2025-09,2025-09-01,morosidad,3.9165217391304346,3.34,0.0,9.73,23
2025-10,2025-10-01,morosidad,4.03695652173913,3.42,0.0,11.05,23
2025-11,2025-11-01,morosidad,4.104347826086957,3.6,0.0,9.86,23
2025-12,2025-12-01,morosidad,3.3791304347826085,2.77,0.0,8.0,23
2026-01,2026-01-01,morosidad,3.709565217391304,3.39,0.0,8.89,23
2026-02,2026-02-01,morosidad,3.986521739130435,3.58,0.0,9.83,23
2026-03,2026-03-01,morosidad,3.657391304347826,3.11,0.0,9.41,23
2009-01,2009-01-01,pasivos_totales,574.6976,252.1,2.23,3888.59,25
2009-02,2009-02-01,pasivos_totales,581.3854166666666,227.82,2.25,3856.64,24
2009-03,2009-03-01,pasivos_totales,565.9516,251.39,2.77,3826.52,25
2009-04,2009-04-01,pasivos_totales,572.1744,236.61,2.41,3958.52,25
2009-05,2009-05-01,pasivos_totales,574.1812,250.18,2.39,3977.13,25
2009-06,2009-06-01,pasivos_totales,569.0740000000001,257.73,2.47,3861.2,25
2009-07,2009-07-01,pasivos_totales,575.2144,249.59,2.45,3957.1,25
2009-08,2009-08-01,pasivos_totales,588.518,252.82,2.49,3969.45,25
2009-09,2009-09-01,pasivos_totales,582.014,252.85,2.57,3980.3,25
2009-10,2009-10-01,pasivos_totales,585.9344,249.69,2.48,4025.74,25
2009-11,2009-11-01,pasivos_totales,595.7192,246.62,2.79,4122.68,25
2009-12,2009-12-01,pasivos_totales,626.2368,260.32,2.77,4258.64,25
2010-01,2010-01-01,pasivos_totales,635.982,260.93,3.0,4377.65,25
2010-02,2010-02-01,pasivos_totales,643.844,276.1,2.78,4391.38,25
2010-03,2010-03-01,pasivos_totales,655.0455999999999,271.97,3.3,4473.36,25
2010-04,2010-04-01,pasivos_totales,666.3008,262.8,3.25,4615.78,25
2010-05,2010-05-01,pasivos_totales,670.1628,258.02,2.9,4658.61,25
2010-06,2010-06-01,pasivos_totales,671.4376,257.59,3.18,4616.66,25
2010-07,2010-07-01,pasivos_totales,683.3336,251.02,3.12,4689.36,25
2010-08,2010-08-01,pasivos_totales,683.2544,253.22,3.49,4643.88,25
2010-09,2010-09-01,pasivos_totales,685.0060000000001,257.8,3.09,4640.0,25
2010-10,2010-10-01,pasivos_totales,693.7180000000001,261.4,3.37,4894.65,25
2010-11,2010-11-01,pasivos_totales,710.57,268.63,3.73,4995.65,25
2010-12,2010-12-01,pasivos_totales,740.446,266.76,3.69,5204.2,25
2011-01,2011-01-01,pasivos_totales,730.0692,262.49,2.44,5121.49,25
2011-02,2011-02-01,pasivos_totales,745.5304000000001,271.19,1.96,5335.17,25
2011-03,2011-03-01,pasivos_totales,767.3856,273.16,1.89,5415.56,25
2011-04,2011-04-01,pasivos_totales,781.8112,272.58,1.78,5587.79,25
2011-05,2011-05-01,pasivos_totales,781.7755999999999,279.21,1.78,5588.1,25
2011-06,2011-06-01,pasivos_totales,787.6704000000001,279.75,1.69,5627.93,25
2011-07,2011-07-01,pasivos_totales,798.454,281.6,1.67,5740.73,25
2011-08,2011-08-01,pasivos_totales,808.0072,285.04,3.77,5780.98,25
2011-09,2011-09-01,pasivos_totales,792.8015384615385,289.185,4.15,5930.05,26
2011-10,2011-10-01,pasivos_totales,796.4000000000001,301.78,4.48,5898.56,26
2011-11,2011-11-01,pasivos_totales,788.9061538461539,303.46000000000004,3.98,5804.15,26
2011-12,2011-12-01,pasivos_totales,822.4242307692307,310.03499999999997,4.59,6088.5,26
2012-01,2012-01-01,pasivos_totales,835.9442307692308,309.52,4.39,6265.22,26
2012-02,2012-02-01,pasivos_totales,850.2046153846154,309.895,4.8,6288.83,26
2012-03,2012-03-01,pasivos_totales,878.3046153846154,319.21000000000004,4.82,6523.05,26
2012-04,2012-04-01,pasivos_totales,888.2407692307692,315.93,4.81,6731.92,26
2012-05,2012-05-01,pasivos_totales,886.9865384615384,322.08,4.8,6760.84,26
2012-06,2012-06-01,pasivos_totales,890.7688461538461,328.185,4.46,6715.38,26
2012-07,2012-07-01,pasivos_totales,883.8026923076923,329.55,4.4,6853.85,26
2012-08,2012-08-01,pasivos_totales,894.6484615384616,331.515,4.44,6907.32,26
2012-09,2012-09-01,pasivos_totales,890.4376923076924,332.185,5.14,6752.98,26
2012-10,2012-10-01,pasivos_totales,909.5653846153847,335.895,4.72,6911.36,26
2012-11,2012-11-01,pasivos_totales,924.1896153846154,336.88,4.87,6938.08,26
2012-12,2012-12-01,pasivos_totales,965.5249999999999,357.77,4.23,7335.49,26
2013-01,2013-01-01,pasivos_totales,942.3311538461538,338.21000000000004,5.08,7101.43,26
2013-02,2013-02-01,pasivos_totales,951.7142307692308,334.665,4.87,7164.6,26
2013-03,2013-03-01,pasivos_totales,996.8008,334.93,4.79,7325.96,25
2013-04,2013-04-01,pasivos_totales,1046.4075,448.29499999999996,4.88,7496.73,24
2013-05,2013-05-01,pasivos_totales,1047.4575,433.65999999999997,4.62,7560.08,24
2013-06,2013-06-01,pasivos_totales,1053.5979166666666,455.69,4.6,7655.86,24
2013-07,2013-07-01,pasivos_totales,1061.7175,466.28,5.57,7631.32,24
2013-08,2013-08-01,pasivos_totales,1069.7725,465.45000000000005,5.16,7680.99,24
2013-09,2013-09-01,pasivos_totales,1072.3533333333332,461.53499999999997,5.45,7603.58,24
2013-10,2013-10-01,pasivos_totales,1082.3620833333332,478.65,5.57,7630.72,24
2013-11,2013-11-01,pasivos_totales,1112.2054166666667,473.96,5.52,7818.21,24
2013-12,2013-12-01,pasivos_totales,1159.5533333333333,458.565,5.42,8243.14,24
2014-01,2014-01-01,pasivos_totales,1137.95625,463.58000000000004,5.59,7986.99,24
2014-02,2014-02-01,pasivos_totales,1141.7158333333334,464.96500000000003,6.35,8135.17,24
2014-03,2014-03-01,pasivos_totales,1112.1091999999999,416.49,7.02,8229.21,25
2014-04,2014-04-01,pasivos_totales,1108.8444,410.74,6.4,8207.21,25
2014-05,2014-05-01,pasivos_totales,1111.9376,408.61,6.01,8247.82,25
2014-06,2014-06-01,pasivos_totales,1132.0292,411.4,5.34,8317.73,25
2014-07,2014-07-01,pasivos_totales,1136.1368,409.3,5.55,8342.47,25
2014-08,2014-08-01,pasivos_totales,1198.0854166666666,456.58500000000004,14.92,8473.06,24
2014-09,2014-09-01,pasivos_totales,1205.2820833333333,457.41,14.76,8438.79,24
2014-10,2014-10-01,pasivos_totales,1209.83375,411.06,0.02,8449.47,24
2014-11,2014-11-01,pasivos_totales,1221.0975,387.07500000000005,0.06,8587.67,24
2014-12,2014-12-01,pasivos_totales,1325.3773913043478,421.79,15.12,9029.35,23
2015-01,2015-01-01,pasivos_totales,1289.1273913043478,408.94,15.22,8798.9,23
2015-02,2015-02-01,pasivos_totales,1292.1708695652173,409.27,16.86,8646.16,23
2015-03,2015-03-01,pasivos_totales,1301.5517391304347,407.8,14.6,8748.39,23
2015-04,2015-04-01,pasivos_totales,1272.21,396.2,6.96,8536.36,23
2015-05,2015-05-01,pasivos_totales,1265.5552173913043,390.18,6.72,8538.65,23
2015-06,2015-06-01,pasivos_totales,1256.9773913043477,390.56,6.63,8446.99,23
2015-07,2015-07-01,pasivos_totales,1241.7621739130434,377.42,0.0,8340.16,23
2015-08,2015-08-01,pasivos_totales,1286.4977272727274,404.02,14.99,8270.45,22
2015-09,2015-09-01,pasivos_totales,1260.0104545454544,390.0,14.94,8113.16,22
2015-10,2015-10-01,pasivos_totales,1257.4095454545457,391.79499999999996,17.25,8052.92,22
2015-11,2015-11-01,pasivos_totales,1251.7759090909092,415.78999999999996,15.53,7955.12,22
2015-12,2015-12-01,pasivos_totales,1253.0727272727274,394.115,15.11,8045.31,22
2016-01,2016-01-01,pasivos_totales,1268.3722727272727,386.97,14.88,8030.21,22
2016-02,2016-02-01,pasivos_totales,1290.86,400.82500000000005,14.18,8188.07,22
2016-03,2016-03-01,pasivos_totales,1317.638181818182,435.02,14.43,8119.97,22
2016-04,2016-04-01,pasivos_totales,1301.6777272727272,410.81,14.63,8063.9,22
2016-05,2016-05-01,pasivos_totales,1290.4854545454546,401.95000000000005,14.64,8183.72,22
2016-06,2016-06-01,pasivos_totales,1320.800909090909,419.58500000000004,15.39,8358.04,22
2016-07,2016-07-01,pasivos_totales,1324.8204545454546,419.875,15.9,8331.8,22
2016-08,2016-08-01,pasivos_totales,1347.2440909090908,419.53499999999997,16.58,8503.53,22
2016-09,2016-09-01,pasivos_totales,1370.6027272727274,421.105,16.18,8604.71,22
2016-10,2016-10-01,pasivos_totales,1331.3152173913043,373.21,18.56,8631.31,23
2016-11,2016-11-01,pasivos_totales,1338.2760869565216,355.85,17.74,8769.58,23
2016-12,2016-12-01,pasivos_totales,1394.5782608695652,374.97,18.42,9189.23,23
2017-01,2017-01-01,pasivos_totales,1365.8439130434783,366.85,16.6,8979.63,23
2017-02,2017-02-01,pasivos_totales,1384.3869565217392,376.37,18.78,9155.67,23
2017-03,2017-03-01,pasivos_totales,1413.195652173913,371.92,17.47,9350.44,23
2017-04,2017-04-01,pasivos_totales,1397.0191304347825,373.61,18.18,9293.72,23
2017-05,2017-05-01,pasivos_totales,1370.2034782608696,370.15,18.48,9107.89,23
2017-06,2017-06-01,pasivos_totales,1385.4758333333332,429.46500000000003,18.58,9284.2,24
2017-07,2017-07-01,pasivos_totales,1376.4166666666667,435.03499999999997,19.14,9197.39,24
2017-08,2017-08-01,pasivos_totales,1372.215,444.31,18.04,9145.46,24
2017-09,2017-09-01,pasivos_totales,1362.015,436.635,18.0,9008.73,24
2017-10,2017-10-01,pasivos_totales,1378.5654166666666,445.265,21.74,9081.19,24
2017-11,2017-11-01,pasivos_totales,1407.01375,475.49,20.26,9279.86,24
2017-12,2017-12-01,pasivos_totales,1448.2212499999998,480.65999999999997,20.45,9548.56,24
2018-01,2018-01-01,pasivos_totales,1427.9841666666669,480.91499999999996,22.74,9475.19,24
2018-02,2018-02-01,pasivos_totales,1439.944166666667,464.625,18.03,9621.53,24
2018-03,2018-03-01,pasivos_totales,1463.5454166666668,483.65,12.9,9742.02,24
2018-04,2018-04-01,pasivos_totales,1453.4016666666666,468.94,10.63,9581.13,24
2018-05,2018-05-01,pasivos_totales,1437.6608333333334,456.145,9.63,9340.7,24
2018-06,2018-06-01,pasivos_totales,1446.6754166666667,483.18000000000006,8.95,9303.52,24
2018-07,2018-07-01,pasivos_totales,1449.0695833333332,490.04499999999996,8.24,9313.79,24
2018-08,2018-08-01,pasivos_totales,1453.524583333333,483.245,7.78,9320.74,24
2018-09,2018-09-01,pasivos_totales,1453.6583333333335,490.12,7.54,9171.54,24
2018-10,2018-10-01,pasivos_totales,1453.58,510.96,7.26,9144.97,24
2018-11,2018-11-01,pasivos_totales,1471.545,523.39,7.32,9230.98,24
2018-12,2018-12-01,pasivos_totales,1515.5183333333334,538.365,7.77,9500.0,24
2019-01,2019-01-01,pasivos_totales,1486.8104166666665,522.595,7.08,9290.06,24
2019-02,2019-02-01,pasivos_totales,1515.8258333333333,526.575,6.86,9406.96,24
2019-04,2019-04-01,pasivos_totales,1527.9441666666664,516.995,5.88,9680.8,24
2019-05,2019-05-01,pasivos_totales,1525.5229166666666,486.005,5.46,9554.32,24
2019-06,2019-06-01,pasivos_totales,1538.5229166666668,494.03,5.51,9602.0,24
2019-07,2019-07-01,pasivos_totales,1548.1679166666665,479.46999999999997,6.42,9671.61,24
2019-08,2019-08-01,pasivos_totales,1566.6525000000001,481.37,6.24,9476.19,24
2019-09,2019-09-01,pasivos_totales,1571.00375,502.03499999999997,7.43,9374.34,24
2019-10,2019-10-01,pasivos_totales,1568.805833333333,502.30999999999995,8.8,9363.87,24
2019-11,2019-11-01,pasivos_totales,1578.7216666666666,512.03,9.92,9485.65,24
2019-12,2019-12-01,pasivos_totales,1647.32125,506.765,10.98,10175.97,24
2020-01,2020-01-01,pasivos_totales,1646.4495833333333,506.905,12.66,10053.3,24
2020-02,2020-02-01,pasivos_totales,1676.57875,541.24,13.51,10278.0,24
2020-03,2020-03-01,pasivos_totales,1626.0245833333336,509.42,15.53,9898.4,24
2020-04,2020-04-01,pasivos_totales,1613.4483333333335,508.495,14.77,9887.52,24
2020-05,2020-05-01,pasivos_totales,1619.28125,503.625,15.97,10145.93,24
2020-06,2020-06-01,pasivos_totales,1633.6508333333331,492.30499999999995,15.56,10298.05,24
2020-07,2020-07-01,pasivos_totales,1641.8000000000002,483.005,15.33,10296.03,24
2020-08,2020-08-01,pasivos_totales,1662.5529166666665,477.08000000000004,16.38,10410.89,24
2020-09,2020-09-01,pasivos_totales,1677.6254166666668,508.465,17.26,10415.24,24
2020-10,2020-10-01,pasivos_totales,1730.9279166666665,501.92,19.0,11070.58,24
2020-11,2020-11-01,pasivos_totales,1733.1141666666665,503.53,20.4,10774.32,24
2020-12,2020-12-01,pasivos_totales,1806.837083333333,520.39,18.7,11349.05,24
2021-01,2021-01-01,pasivos_totales,1781.8441666666668,504.74,18.51,11090.61,24
2021-02,2021-02-01,pasivos_totales,1780.9216666666669,516.61,19.85,10981.98,24
2021-03,2021-03-01,pasivos_totales,1807.5366666666669,537.715,20.65,11173.35,24
2021-04,2021-04-01,pasivos_totales,1795.6845833333334,527.175,20.93,11239.92,24
2021-05,2021-05-01,pasivos_totales,1802.5733333333335,534.73,20.18,11203.34,24
2021-06,2021-06-01,pasivos_totales,1805.29375,514.165,20.71,11139.14,24
2021-07,2021-07-01,pasivos_totales,1818.8804166666666,536.235,21.07,11323.06,24
2021-08,2021-08-01,pasivos_totales,1828.5883333333334,545.935,20.5,11331.69,24
2021-09,2021-09-01,pasivos_totales,1859.6604166666666,582.0250000000001,20.56,11559.35,24
2021-10,2021-10-01,pasivos_totales,1880.7070833333335,581.4300000000001,21.23,11226.59,24
2021-11,2021-11-01,pasivos_totales,1890.6000000000001,564.02,20.22,11525.73,24
2021-12,2021-12-01,pasivos_totales,1953.9745833333334,569.66,20.37,12056.03,24
2022-02,2022-02-01,pasivos_totales,1957.3566666666666,570.595,21.46,12314.49,24
2022-03,2022-03-01,pasivos_totales,1993.5295833333332,597.5899999999999,20.63,12493.85,24
2022-04,2022-04-01,pasivos_totales,1965.7420833333333,578.665,20.86,12412.96,24
2022-05,2022-05-01,pasivos_totales,1964.5141666666668,584.735,20.36,12461.23,24
2022-06,2022-06-01,pasivos_totales,1959.8162499999999,611.77,19.9,12258.46,24
2022-07,2022-07-01,pasivos_totales,1981.6762500000002,607.81,20.32,12863.66,24
2022-08,2022-08-01,pasivos_totales,2022.2833333333335,640.01,20.16,13259.18,24
2022-09,2022-09-01,pasivos_totales,2032.4633333333334,627.1500000000001,19.14,13205.07,24
2022-10,2022-10-01,pasivos_totales,2049.8345833333333,622.69,19.13,13338.67,24
2022-11,2022-11-01,pasivos_totales,2059.1979166666665,638.89,20.19,13438.47,24
2022-12,2022-12-01,pasivos_totales,2118.1895833333333,649.735,20.12,13987.42,24
2023-01,2023-01-01,pasivos_totales,2124.1179166666666,690.1949999999999,17.78,14219.63,24
2023-02,2023-02-01,pasivos_totales,2134.10625,679.8,19.06,14320.74,24
2023-03,2023-03-01,pasivos_totales,2167.88625,686.5,18.88,14526.8,24
2023-04,2023-04-01,pasivos_totales,2155.705833333333,673.21,19.16,14425.05,24
2023-05,2023-05-01,pasivos_totales,2227.8904347826087,698.66,17.56,14236.35,23
2023-06,2023-06-01,pasivos_totales,2227.8634782608697,694.45,17.28,14276.02,23
2023-07,2023-07-01,pasivos_totales,2233.0230434782607,694.31,18.27,14399.85,23
2023-08,2023-08-01,pasivos_totales,2268.771739130435,726.81,18.91,14613.39,23
2023-09,2023-09-01,pasivos_totales,2272.43,710.55,18.98,14661.47,23
2023-10,2023-10-01,pasivos_totales,2279.693043478261,753.48,19.0,14786.55,23
2023-11,2023-11-01,pasivos_totales,2300.7139130434784,713.83,20.26,14927.12,23
2023-12,2023-12-01,pasivos_totales,2346.8534782608695,741.14,21.38,15242.25,23
2024-01,2024-01-01,pasivos_totales,2309.454347826087,713.04,20.52,14971.87,23
2024-02,2024-02-01,pasivos_totales,2335.62,724.07,21.03,15219.97,23
2024-03,2024-03-01,pasivos_totales,2366.8834782608697,733.12,22.51,15307.01,23
2024-04,2024-04-01,pasivos_totales,2375.8821739130435,747.28,19.92,15608.65,23
2024-05,2024-05-01,pasivos_totales,2405.931304347826,751.08,21.23,15827.15,23
2024-06,2024-06-01,pasivos_totales,2451.984347826087,748.28,18.94,16131.01,23
2024-07,2024-07-01,pasivos_totales,2475.41347826087,758.08,20.28,16251.97,23
2024-08,2024-08-01,pasivos_totales,2523.3291304347827,786.36,20.75,16412.51,23
2024-09,2024-09-01,pasivos_totales,2550.2747826086957,758.45,20.46,16548.1,23
2024-10,2024-10-01,pasivos_totales,2588.504347826087,738.53,23.52,16852.66,23
2024-11,2024-11-01,pasivos_totales,2617.6530434782608,725.89,22.02,17164.92,23
2024-12,2024-12-01,pasivos_totales,2683.830869565217,711.39,28.73,17554.27,23
2025-01,2025-01-01,pasivos_totales,2695.858695652174,703.49,28.48,17729.42,23
2025-02,2025-02-01,pasivos_totales,2746.1317391304347,721.6,28.52,18224.89,23
2025-03,2025-03-01,pasivos_totales,2766.8460869565215,707.07,28.6,18408.99,23
2025-04,2025-04-01,pasivos_totales,2764.95,702.66,28.19,18602.7,23
2025-05,2025-05-01,pasivos_totales,2793.0578260869565,687.24,29.94,18626.68,23
2025-06,2025-06-01,pasivos_totales,2838.7473913043477,683.82,31.37,18949.44,23
2025-07,2025-07-01,pasivos_totales,2831.655217391304,678.72,28.94,18833.6,23
2025-08,2025-08-01,pasivos_totales,2860.87,671.99,30.02,18913.43,23
2025-09,2025-09-01,pasivos_totales,2877.8882608695653,672.3,29.94,18948.25,23
2025-10,2025-10-01,pasivos_totales,2907.35652173913,685.11,27.15,19049.72,23
2025-11,2025-11-01,pasivos_totales,2954.451739130435,663.22,27.15,19331.0,23
2025-12,2025-12-01,pasivos_totales,2990.811304347826,690.84,27.0,19331.68,23
2026-01,2026-01-01,pasivos_totales,3002.926086956522,668.01,26.1,19324.29,23
2026-02,2026-02-01,pasivos_totales,3062.641304347826,755.37,25.62,19886.21,23
2026-03,2026-03-01,pasivos_totales,3106.7452173913043,764.94,25.49,20142.45,23
2009-01,2009-01-01,patrimonio,67.8408,28.96,3.54,460.05,25
2009-02,2009-02-01,patrimonio,68.45166666666667,26.634999999999998,3.54,460.24,24
2009-03,2009-03-01,patrimonio,66.75439999999999,28.96,3.54,448.92,25
2009-04,2009-04-01,patrimonio,66.6512,28.96,3.54,450.97,25
2009-05,2009-05-01,patrimonio,66.4628,28.96,3.54,451.55,25
2009-06,2009-06-01,patrimonio,66.4516,28.96,3.54,451.67,25
2009-07,2009-07-01,patrimonio,66.1828,28.96,3.54,445.86,25
2009-08,2009-08-01,patrimonio,66.27640000000001,28.96,3.54,447.44,25
2009-09,2009-09-01,patrimonio,66.24640000000001,28.96,3.54,446.68,25
2009-10,2009-10-01,patrimonio,66.2136,28.96,3.54,446.37,25
2009-11,2009-11-01,patrimonio,66.2224,28.96,3.54,446.59,25
2009-12,2009-12-01,patrimonio,74.7868,31.07,3.61,508.48,25
2010-01,2010-01-01,patrimonio,74.778,31.07,3.61,508.26,25
2010-02,2010-02-01,patrimonio,74.2012,31.07,3.61,507.64,25
2010-03,2010-03-01,patrimonio,73.6404,31.07,3.61,498.79,25
2010-04,2010-04-01,patrimonio,73.4624,31.07,3.61,498.83,25
2010-05,2010-05-01,patrimonio,73.4636,31.07,3.61,498.86,25
2010-06,2010-06-01,patrimonio,72.736,31.07,3.61,484.48,25
2010-07,2010-07-01,patrimonio,72.7372,31.07,3.61,484.51,25
2010-08,2010-08-01,patrimonio,72.73479999999999,31.07,3.61,485.7,25
2010-09,2010-09-01,patrimonio,72.7944,31.07,3.61,486.52,25
2010-10,2010-10-01,patrimonio,72.9924,31.07,3.61,486.85,25
2010-11,2010-11-01,patrimonio,73.0984,31.07,3.61,486.75,25
2010-12,2010-12-01,patrimonio,83.3656,33.43,3.73,563.54,25
2011-01,2011-01-01,patrimonio,83.36399999999999,33.43,3.73,562.45,25
2011-02,2011-02-01,patrimonio,82.7576,33.43,3.73,562.28,25
2011-03,2011-03-01,patrimonio,82.2424,33.43,3.73,561.19,25
2011-04,2011-04-01,patrimonio,81.6196,33.43,3.73,560.2,25
2011-05,2011-05-01,patrimonio,81.476,33.43,3.73,558.59,25
2011-06,2011-06-01,patrimonio,81.1592,33.43,3.73,552.36,25
2011-07,2011-07-01,patrimonio,81.244,33.43,3.73,554.19,25
2011-08,2011-08-01,patrimonio,80.7884,33.43,3.73,550.3,25
2011-09,2011-09-01,patrimonio,78.17884615384615,29.345,3.73,556.41,26
2011-10,2011-10-01,patrimonio,78.0526923076923,29.345,3.73,551.36,26
2011-11,2011-11-01,patrimonio,78.19615384615385,29.345,3.73,555.32,26
2011-12,2011-12-01,patrimonio,95.49384615384616,35.315,3.87,668.97,26
2012-01,2012-01-01,patrimonio,95.27884615384616,35.33,3.87,679.87,26
2012-02,2012-02-01,patrimonio,95.95615384615385,35.345,3.87,698.21,26
2012-03,2012-03-01,patrimonio,95.44192307692308,35.345,3.87,698.41,26
2012-04,2012-04-01,patrimonio,94.69615384615386,35.375,3.87,700.14,26
2012-05,2012-05-01,patrimonio,94.64615384615385,35.425,3.87,699.25,26
2012-06,2012-06-01,patrimonio,94.71923076923076,35.425,3.87,699.83,26
2012-07,2012-07-01,patrimonio,94.39653846153846,35.455,3.87,690.04,26
2012-08,2012-08-01,patrimonio,94.89923076923077,35.425,3.87,702.93,26
2012-09,2012-09-01,patrimonio,94.88192307692307,35.415,3.87,701.84,26
2012-10,2012-10-01,patrimonio,94.79653846153846,35.56,3.87,701.05,26
2012-11,2012-11-01,patrimonio,94.94653846153847,35.585,3.87,702.7,26
2012-12,2012-12-01,patrimonio,106.60692307692308,41.545,4.03,757.21,26
2013-01,2013-01-01,patrimonio,106.5923076923077,41.545,4.03,756.12,26
2013-02,2013-02-01,patrimonio,106.6253846153846,41.519999999999996,4.03,756.62,26
2013-03,2013-03-01,patrimonio,108.9112,45.87,4.03,755.01,25
2013-04,2013-04-01,patrimonio,111.97833333333334,40.635,4.03,758.54,24
2013-05,2013-05-01,patrimonio,111.51333333333334,39.665,4.03,752.42,24
2013-06,2013-06-01,patrimonio,110.07583333333334,39.665,4.03,732.97,24
2013-07,2013-07-01,patrimonio,110.02999999999999,39.655,4.03,733.99,24
2013-08,2013-08-01,patrimonio,110.06791666666668,39.66,4.03,736.09,24
2013-09,2013-09-01,patrimonio,110.01166666666667,39.655,4.03,734.21,24
2013-10,2013-10-01,patrimonio,110.32583333333334,39.85,4.03,738.33,24
2013-11,2013-11-01,patrimonio,110.30833333333334,39.650000000000006,4.03,737.7,24
2013-12,2013-12-01,patrimonio,121.21249999999999,42.78,4.05,780.44,24
2014-01,2014-01-01,patrimonio,120.47416666666668,42.755,4.05,780.33,24
2014-02,2014-02-01,patrimonio,120.49083333333333,42.765,4.05,779.3,24
2014-03,2014-03-01,patrimonio,115.7556,38.98,4.05,780.64,25
2014-04,2014-04-01,patrimonio,115.60960000000001,38.92,4.05,784.03,25
2014-05,2014-05-01,patrimonio,115.08840000000001,38.15,4.05,788.23,25
2014-06,2014-06-01,patrimonio,115.1964,38.3,4.05,791.48,25
2014-07,2014-07-01,patrimonio,115.40279999999998,38.19,4.05,796.54,25
2014-08,2014-08-01,patrimonio,118.95625,42.69,4.05,775.92,24
2014-09,2014-09-01,patrimonio,119.07708333333333,42.644999999999996,4.05,774.16,24
2014-10,2014-10-01,patrimonio,119.16166666666668,42.685,4.05,773.96,24
2014-11,2014-11-01,patrimonio,119.21083333333333,42.68,4.05,774.83,24
2014-12,2014-12-01,patrimonio,136.32565217391306,45.84,4.06,853.69,23
2015-01,2015-01-01,patrimonio,136.54,45.74,4.06,850.63,23
2015-02,2015-02-01,patrimonio,135.53478260869565,45.73,4.06,849.78,23
2015-03,2015-03-01,patrimonio,134.7982608695652,45.82,4.06,850.79,23
2015-04,2015-04-01,patrimonio,133.52,45.83,4.06,832.87,23
2015-05,2015-05-01,patrimonio,133.3978260869565,45.83,4.06,833.66,23
2015-06,2015-06-01,patrimonio,133.19173913043477,45.76,4.06,832.63,23
2015-07,2015-07-01,patrimonio,132.08608695652174,45.72,0.0,831.03,23
2015-08,2015-08-01,patrimonio,138.03863636363636,47.775,4.06,829.59,22
2015-09,2015-09-01,patrimonio,137.9209090909091,47.735,4.06,828.42,22
2015-10,2015-10-01,patrimonio,137.8881818181818,47.405,4.06,828.79,22
2015-11,2015-11-01,patrimonio,137.48772727272728,46.815,4.06,824.75,22
2015-12,2015-12-01,patrimonio,149.84045454545455,50.445,4.07,882.98,22
2016-01,2016-01-01,patrimonio,149.75954545454545,50.42,4.07,881.27,22
2016-02,2016-02-01,patrimonio,149.3759090909091,50.435,4.07,876.72,22
2016-03,2016-03-01,patrimonio,146.9640909090909,50.405,4.07,882.69,22
2016-04,2016-04-01,patrimonio,147.30772727272728,49.92,4.07,886.19,22
2016-05,2016-05-01,patrimonio,147.16863636363635,49.895,4.07,886.91,22
2016-06,2016-06-01,patrimonio,146.875,49.834999999999994,4.07,879.86,22
2016-07,2016-07-01,patrimonio,146.90545454545455,49.83,4.07,879.72,22
2016-08,2016-08-01,patrimonio,147.07545454545453,49.74,8.09,879.73,22
2016-09,2016-09-01,patrimonio,147.10363636363638,49.42,8.09,881.59,22
2016-10,2016-10-01,patrimonio,141.34217391304347,49.09,8.09,883.11,23
2016-11,2016-11-01,patrimonio,141.21652173913043,49.11,8.09,881.17,23
2016-12,2016-12-01,patrimonio,153.2091304347826,51.51,8.61,926.83,23
2017-01,2017-01-01,patrimonio,154.08260869565217,53.87,8.61,942.6,23
2017-02,2017-02-01,patrimonio,154.50826086956522,53.95,8.61,961.4,23
2017-03,2017-03-01,patrimonio,153.59739130434784,54.41,8.53,981.55,23
2017-04,2017-04-01,patrimonio,151.46260869565216,53.63,8.53,965.85,23
2017-05,2017-05-01,patrimonio,151.2682608695652,53.39,9.2,965.62,23
2017-06,2017-06-01,patrimonio,156.98541666666668,53.349999999999994,9.2,963.34,24
2017-07,2017-07-01,patrimonio,158.32833333333335,53.28,9.2,995.66,24
2017-08,2017-08-01,patrimonio,158.49958333333333,53.32,9.2,996.43,24
2017-09,2017-09-01,patrimonio,158.73875,53.295,9.2,997.77,24
2017-10,2017-10-01,patrimonio,158.79749999999999,53.315,9.2,998.91,24
2017-11,2017-11-01,patrimonio,158.84083333333334,53.35,9.2,997.92,24
2017-12,2017-12-01,patrimonio,175.73458333333335,57.78,9.52,1066.84,24
2018-01,2018-01-01,patrimonio,175.56916666666666,57.805,9.52,1063.33,24
2018-02,2018-02-01,patrimonio,174.45458333333332,57.795,9.52,1061.94,24
2018-03,2018-03-01,patrimonio,171.07416666666666,57.825,9.52,1059.61,24
2018-04,2018-04-01,patrimonio,170.1475,57.81,9.52,1041.51,24
2018-05,2018-05-01,patrimonio,169.6875,57.305,9.52,1042.88,24
2018-06,2018-06-01,patrimonio,169.41958333333335,57.33,9.52,1041.74,24
2018-07,2018-07-01,patrimonio,169.60125,57.365,9.52,1044.14,24
2018-08,2018-08-01,patrimonio,169.50041666666667,57.35,9.52,1043.63,24
2018-09,2018-09-01,patrimonio,169.10166666666666,57.379999999999995,9.52,1043.5,24
2018-10,2018-10-01,patrimonio,169.0575,57.355000000000004,9.52,1043.4,24
2018-11,2018-11-01,patrimonio,169.04416666666665,57.195,9.52,1043.98,24
2018-12,2018-12-01,patrimonio,192.1475,58.335,7.26,1164.47,24
2019-01,2019-01-01,patrimonio,192.41166666666666,58.34,7.35,1167.13,24
2019-02,2019-02-01,patrimonio,190.51958333333334,57.585,7.35,1168.37,24
2019-04,2019-04-01,patrimonio,187.9020833333333,57.56,10.35,1138.69,24
2019-05,2019-05-01,patrimonio,185.68541666666667,57.575,10.38,1138.61,24
2019-06,2019-06-01,patrimonio,185.48166666666668,57.57,10.38,1138.63,24
2019-07,2019-07-01,patrimonio,185.52666666666664,57.42,10.38,1140.02,24
2019-08,2019-08-01,patrimonio,186.3770833333333,57.425,10.38,1141.04,24
2019-09,2019-09-01,patrimonio,186.16291666666666,57.425,10.38,1137.25,24
2019-10,2019-10-01,patrimonio,185.66875000000002,57.415,10.39,1133.81,24
2019-11,2019-11-01,patrimonio,184.93583333333333,57.415,10.39,1128.63,24
2019-12,2019-12-01,patrimonio,210.2891666666667,60.605,9.17,1261.45,24
2020-01,2020-01-01,patrimonio,210.22125000000003,60.61,9.17,1261.72,24
2020-02,2020-02-01,patrimonio,207.635,60.625,9.17,1257.03,24
2020-03,2020-03-01,patrimonio,203.8658333333333,60.629999999999995,9.17,1237.0,24
2020-04,2020-04-01,patrimonio,203.56875,60.635,9.17,1234.07,24
2020-05,2020-05-01,patrimonio,203.92,60.65,9.17,1236.55,24
2020-06,2020-06-01,patrimonio,204.29875,60.629999999999995,9.17,1239.32,24
2020-07,2020-07-01,patrimonio,204.79875,60.625,9.17,1246.01,24
2020-08,2020-08-01,patrimonio,206.29333333333332,60.81,9.17,1252.83,24
2020-09,2020-09-01,patrimonio,205.56500000000003,60.81,9.17,1251.89,24
2020-10,2020-10-01,patrimonio,205.52541666666664,59.7,9.17,1252.8,24
2020-11,2020-11-01,patrimonio,204.72833333333332,59.665,9.17,1252.2,24
2020-12,2020-12-01,patrimonio,212.27583333333334,62.005,7.19,1265.67,24
2021-01,2021-01-01,patrimonio,211.6641666666667,62.005,7.19,1255.18,24
2021-02,2021-02-01,patrimonio,211.1075,62.0,7.19,1254.61,24
2021-03,2021-03-01,patrimonio,210.18541666666667,62.005,7.19,1242.75,24
2021-04,2021-04-01,patrimonio,210.41416666666666,62.0,7.19,1250.22,24
2021-05,2021-05-01,patrimonio,210.44500000000002,61.7,7.19,1250.66,24
2021-06,2021-06-01,patrimonio,210.40083333333334,61.68,7.19,1250.01,24
2021-07,2021-07-01,patrimonio,210.49375,61.695,7.19,1250.23,24
2021-08,2021-08-01,patrimonio,210.62249999999997,61.7,7.19,1251.23,24
2021-09,2021-09-01,patrimonio,210.50749999999996,61.685,7.2,1248.07,24
2021-10,2021-10-01,patrimonio,210.42999999999998,61.675,7.19,1246.27,24
2021-11,2021-11-01,patrimonio,210.31208333333336,61.675,7.19,1243.76,24
2021-12,2021-12-01,patrimonio,229.30291666666668,69.39,6.89,1344.38,24
2022-02,2022-02-01,patrimonio,227.5354166666667,69.225,6.89,1344.34,24
2022-03,2022-03-01,patrimonio,223.7325,69.22,6.89,1307.28,24
2022-04,2022-04-01,patrimonio,223.43125,68.02,6.9,1306.84,24
2022-05,2022-05-01,patrimonio,223.3658333333333,68.015,6.89,1305.4,24
2022-06,2022-06-01,patrimonio,222.56500000000003,68.005,6.89,1294.52,24
2022-07,2022-07-01,patrimonio,222.44000000000003,67.995,6.9,1290.82,24
2022-08,2022-08-01,patrimonio,222.06499999999997,67.985,6.89,1287.05,24
2022-09,2022-09-01,patrimonio,222.0375,67.985,6.9,1292.22,24
2022-10,2022-10-01,patrimonio,223.50541666666666,67.975,6.91,1325.56,24
2022-11,2022-11-01,patrimonio,224.05375,67.97999999999999,6.91,1332.71,24
2022-12,2022-12-01,patrimonio,252.04125,74.66,5.81,1478.05,24
2023-01,2023-01-01,patrimonio,253.02625,74.725,5.79,1497.71,24
2023-02,2023-02-01,patrimonio,249.875,74.185,5.8,1485.71,24
2023-03,2023-03-01,patrimonio,246.3395833333333,74.185,5.79,1471.1,24
2023-04,2023-04-01,patrimonio,243.80583333333334,72.53,5.79,1480.33,24
2023-05,2023-05-01,patrimonio,253.68347826086958,76.7,5.79,1482.66,23
2023-06,2023-06-01,patrimonio,253.53608695652173,76.7,5.78,1480.4,23
2023-07,2023-07-01,patrimonio,253.67347826086956,76.69,5.77,1483.55,23
2023-08,2023-08-01,patrimonio,252.5282608695652,76.67,5.78,1479.44,23
2023-09,2023-09-01,patrimonio,252.56,76.68,5.78,1478.93,23
2023-10,2023-10-01,patrimonio,252.4408695652174,76.69,5.77,1477.45,23
2023-11,2023-11-01,patrimonio,258.2278260869565,76.68,5.77,1611.47,23
2023-12,2023-12-01,patrimonio,291.3691304347826,82.94,5.8,1805.81,23
2024-01,2024-01-01,patrimonio,291.6804347826087,82.95,5.8,1809.13,23
2024-02,2024-02-01,patrimonio,284.37695652173915,82.95,5.82,1818.93,23
2024-03,2024-03-01,patrimonio,279.9008695652174,82.11,5.83,1773.68,23
2024-04,2024-04-01,patrimonio,280.0873913043478,82.11,5.81,1775.59,23
2024-05,2024-05-01,patrimonio,280.02521739130435,82.11,5.84,1778.35,23
2024-06,2024-06-01,patrimonio,280.4891304347826,82.11,5.84,1796.27,23
2024-07,2024-07-01,patrimonio,280.64130434782606,82.11,5.81,1797.61,23
2024-08,2024-08-01,patrimonio,280.64608695652174,82.12,11.78,1799.51,23
2024-09,2024-09-01,patrimonio,280.6352173913043,82.12,11.71,1797.59,23
2024-10,2024-10-01,patrimonio,280.23391304347825,82.12,11.69,1788.02,23
2024-11,2024-11-01,patrimonio,280.00739130434783,82.12,11.72,1783.61,23
2024-12,2024-12-01,patrimonio,309.64521739130436,86.27,10.69,1938.83,23
2025-01,2025-01-01,patrimonio,310.32652173913044,86.27,10.66,1939.65,23
2025-02,2025-02-01,patrimonio,299.0969565217392,86.26,10.68,1903.49,23
2025-03,2025-03-01,patrimonio,297.33608695652174,85.52,10.68,1902.85,23
2025-04,2025-04-01,patrimonio,300.18695652173915,85.52,10.66,1965.18,23
2025-05,2025-05-01,patrimonio,300.6526086956522,85.52,10.68,1968.76,23
2025-06,2025-06-01,patrimonio,300.4860869565218,85.52,10.67,1970.79,23
2025-07,2025-07-01,patrimonio,300.2773913043478,85.53,10.66,1966.98,23
2025-08,2025-08-01,patrimonio,300.5173913043478,85.52,10.65,1968.13,23
2025-09,2025-09-01,patrimonio,300.5221739130435,85.51,10.66,1967.61,23
2025-10,2025-10-01,patrimonio,300.47913043478263,85.51,10.64,1968.4,23
2025-11,2025-11-01,patrimonio,300.61608695652177,85.51,10.64,1968.3,23
2025-12,2025-12-01,patrimonio,341.9539130434782,92.86,10.54,2211.09,23
2026-01,2026-01-01,patrimonio,342.08478260869566,92.87,10.54,2210.49,23
2026-02,2026-02-01,patrimonio,335.4665217391304,92.87,10.54,2145.52,23
2026-03,2026-03-01,patrimonio,332.7621739130435,91.54,11.04,2139.05,23
2009-01,2009-01-01,roe,14.4696,11.64,-3.89,59.36,25
2009-02,2009-02-01,roe,17.125,12.115,1.21,69.97,24
2009-03,2009-03-01,roe,18.496000000000002,11.42,-5.03,88.75,25
2009-04,2009-04-01,roe,13.6976,9.84,1.57,48.28,25
2009-05,2009-05-01,roe,13.510399999999999,11.69,1.37,46.97,25
2009-06,2009-06-01,roe,12.6636,11.59,1.21,48.21,25
2009-07,2009-07-01,roe,12.0548,11.18,1.17,46.87,25
2009-08,2009-08-01,roe,11.8836,10.79,1.11,51.58,25
2009-09,2009-09-01,roe,12.094000000000001,11.62,1.12,52.4,25
2009-10,2009-10-01,roe,12.08,11.75,1.1,41.0,25
2009-11,2009-11-01,roe,18.8188,11.75,1.0,91.37,25
2009-12,2009-12-01,roe,14.304,12.42,1.19,94.39,25
2010-01,2010-01-01,roe,14.5932,10.21,1.02,85.43,25
2010-02,2010-02-01,roe,13.144400000000001,7.62,1.75,76.76,25
2010-03,2010-03-01,roe,10.699200000000001,8.28,1.24,48.34,25
2010-04,2010-04-01,roe,12.724400000000001,9.38,1.61,61.5,25
2010-05,2010-05-01,roe,10.888,8.98,1.79,59.2,25
2010-06,2010-06-01,roe,10.5452,10.17,1.19,38.55,25
2010-07,2010-07-01,roe,10.4528,9.6,1.08,36.37,25
2010-08,2010-08-01,roe,14.048,10.71,1.88,84.35,25
2010-09,2010-09-01,roe,10.934800000000001,9.49,1.81,43.95,25
2010-10,2010-10-01,roe,13.532,12.42,-29.04,96.22,25
2010-11,2010-11-01,roe,11.838799999999999,11.62,-31.82,67.66,25
2010-12,2010-12-01,roe,12.16,12.12,-35.55,49.53,25
2011-01,2011-01-01,roe,16.2824,12.79,-19.13,92.28,25
2011-02,2011-02-01,roe,15.345999999999998,12.64,-1.93,76.1,25
2011-03,2011-03-01,roe,16.2364,14.64,-5.32,54.03,25
2011-04,2011-04-01,roe,19.1372,13.76,-1.53,89.8,25
2011-05,2011-05-01,roe,13.565199999999999,14.63,-3.29,26.14,25
2011-06,2011-06-01,roe,14.032,14.99,-3.15,30.83,25
2011-07,2011-07-01,roe,14.2408,15.84,-3.85,33.17,25
2011-08,2011-08-01,roe,14.792,16.19,1.04,34.27,25
2011-09,2011-09-01,roe,18.429230769230767,16.19,1.61,82.44,26
2011-10,2011-10-01,roe,18.982307692307693,16.759999999999998,1.69,88.0,26
2011-11,2011-11-01,roe,17.918846153846154,16.575000000000003,1.59,81.46,26
2011-12,2011-12-01,roe,21.720769230769232,16.965,1.47,95.97,26
2012-01,2012-01-01,roe,13.458076923076923,14.465,-6.99,53.79,26
2012-02,2012-02-01,roe,12.61076923076923,13.805,-4.53,28.82,26
2012-03,2012-03-01,roe,20.29076923076923,15.795,2.7,74.36,26
2012-04,2012-04-01,roe,20.10653846153846,15.945,2.67,75.71,26
2012-05,2012-05-01,roe,18.081923076923076,15.715,2.22,83.18,26
2012-06,2012-06-01,roe,16.387307692307694,16.21,1.16,59.03,26
2012-07,2012-07-01,roe,16.392307692307693,14.89,0.18,74.54,26
2012-08,2012-08-01,roe,12.469615384615386,13.899999999999999,-32.16,52.25,26
2012-09,2012-09-01,roe,12.788461538461538,13.34,-31.58,95.21,26
2012-10,2012-10-01,roe,16.612692307692306,13.675,-32.14,91.64,26
2012-11,2012-11-01,roe,13.538461538461538,12.375,-23.8,69.51,26
2012-12,2012-12-01,roe,18.84346153846154,14.445,-27.76,72.29,26
2013-01,2013-01-01,roe,11.418846153846154,11.18,-29.98,56.54,26
2013-02,2013-02-01,roe,7.841538461538462,8.565,-30.98,35.87,26
2013-03,2013-03-01,roe,6.174615384615384,7.385,-35.45,27.03,26
2013-04,2013-04-01,roe,8.167307692307691,8.995000000000001,-26.53,32.68,26
2013-05,2013-05-01,roe,8.263076923076923,8.184999999999999,-34.8,43.31,26
2013-06,2013-06-01,roe,8.641153846153847,8.98,-28.45,43.09,26
2013-07,2013-07-01,roe,10.525769230769232,9.57,-28.82,83.74,26
2013-08,2013-08-01,roe,6.938461538461539,8.9,-27.97,19.66,26
2013-09,2013-09-01,roe,7.083461538461538,8.73,-28.8,18.59,26
2013-10,2013-10-01,roe,9.407307692307693,9.17,-27.95,68.61,26
2013-11,2013-11-01,roe,8.615,9.385,-28.33,66.22,26
2013-12,2013-12-01,roe,14.939583333333333,12.23,1.24,66.32,24
2014-01,2014-01-01,roe,12.650833333333333,11.89,-32.7,62.86,24
2014-02,2014-02-01,roe,6.621666666666667,9.245000000000001,-33.97,17.27,24
2014-03,2014-03-01,roe,7.7488,9.78,-30.87,21.6,25
2014-04,2014-04-01,roe,5.9088,10.02,-75.47,30.88,25
2014-05,2014-05-01,roe,9.316799999999999,9.37,-44.43,82.84,25
2014-06,2014-06-01,roe,9.474400000000001,9.51,-41.46,52.77,25
2014-07,2014-07-01,roe,7.9075999999999995,9.09,-39.63,23.79,25
2014-08,2014-08-01,roe,10.2475,10.844999999999999,-38.23,62.04,24
2014-09,2014-09-01,roe,10.321666666666667,10.7,-38.94,56.49,24
2014-10,2014-10-01,roe,11.83875,12.04,-35.25,53.0,24
2014-11,2014-11-01,roe,11.745416666666666,12.005,-33.18,48.25,24
2014-12,2014-12-01,roe,9.224347826086957,10.36,-29.7,29.68,23
2015-01,2015-01-01,roe,6.644782608695652,9.34,-32.65,20.41,23
2015-02,2015-02-01,roe,8.277391304347827,10.21,-49.44,65.08,23
2015-03,2015-03-01,roe,11.404782608695653,10.29,-26.5,74.4,23
2015-04,2015-04-01,roe,12.051739130434783,9.54,-21.11,81.06,23
2015-05,2015-05-01,roe,11.623043478260868,9.67,-18.45,66.82,23
2015-06,2015-06-01,roe,11.19304347826087,9.97,-15.99,64.14,23
2015-07,2015-07-01,roe,10.693913043478261,9.98,-14.53,57.25,23
2015-08,2015-08-01,roe,6.694545454545454,9.285,-57.33,44.11,22
2015-09,2015-09-01,roe,9.323636363636362,9.059999999999999,-33.06,77.57,22
2015-10,2015-10-01,roe,9.674545454545454,8.69,-27.4,82.29,22
2015-11,2015-11-01,roe,10.246363636363638,8.515,-19.85,81.4,22
2015-12,2015-12-01,roe,9.35,7.359999999999999,-9.98,53.24,22
2016-01,2016-01-01,roe,8.243636363636362,6.29,-8.83,67.03,22
2016-02,2016-02-01,roe,10.374545454545453,5.145,-16.71,93.85,22
2016-03,2016-03-01,roe,8.387727272727274,5.785,-10.91,63.19,22
2016-04,2016-04-01,roe,5.065454545454545,5.380000000000001,-7.49,14.1,22
2016-05,2016-05-01,roe,9.405454545454546,5.9399999999999995,-5.49,49.96,22
2016-06,2016-06-01,roe,19.955454545454547,7.619999999999999,-4.36,98.53,22
2016-07,2016-07-01,roe,13.141818181818183,6.425000000000001,-3.6,89.69,22
2016-08,2016-08-01,roe,8.723181818181818,6.43,-5.11,41.96,22
2016-09,2016-09-01,roe,9.944545454545455,6.975,-4.91,38.04,22
2016-10,2016-10-01,roe,9.266521739130434,6.5,-7.24,49.84,23
2016-11,2016-11-01,roe,8.84086956521739,6.6,-10.26,52.13,23
2016-12,2016-12-01,roe,11.12782608695652,6.69,-15.52,79.38,23
2017-01,2017-01-01,roe,4.83,6.81,-13.89,18.04,23
2017-02,2017-02-01,roe,5.6121739130434785,6.38,-15.18,20.51,23
2017-03,2017-03-01,roe,13.672173913043478,7.68,-13.51,85.0,23
2017-04,2017-04-01,roe,5.721304347826087,5.67,-44.03,67.11,23
2017-05,2017-05-01,roe,10.916086956521738,8.0,-12.56,68.5,23
2017-06,2017-06-01,roe,9.682083333333333,8.605,-9.1,62.88,24
2017-07,2017-07-01,roe,15.268333333333333,9.6,-9.17,77.13,24
2017-08,2017-08-01,roe,7.26125,6.955,-10.56,22.53,24
2017-09,2017-09-01,roe,11.022916666666667,8.455,-16.98,94.05,24
2017-10,2017-10-01,roe,7.18625,8.22,-22.6,22.39,24
2017-11,2017-11-01,roe,9.90625,9.21,-23.03,66.5,24
2017-12,2017-12-01,roe,12.08,10.530000000000001,-23.89,64.34,24
2018-01,2018-01-01,roe,14.657916666666667,10.75,-28.89,95.85,24
2018-02,2018-02-01,roe,11.979999999999999,9.975000000000001,-52.42,84.61,24
2018-03,2018-03-01,roe,14.067916666666667,10.489999999999998,-74.12,92.58,24
2018-04,2018-04-01,roe,13.316250000000002,10.364999999999998,-62.8,93.17,24
2018-05,2018-05-01,roe,9.716666666666667,10.43,-61.23,78.66,24
2018-06,2018-06-01,roe,10.564166666666667,11.84,-60.74,73.95,24
2018-07,2018-07-01,roe,13.475416666666668,12.555,-50.53,79.03,24
2018-08,2018-08-01,roe,12.16125,13.190000000000001,-49.87,66.44,24
2018-09,2018-09-01,roe,13.052083333333334,12.805,-45.31,68.51,24
2018-10,2018-10-01,roe,18.700416666666666,13.315000000000001,-43.31,96.16,24
2018-11,2018-11-01,roe,14.055416666666666,13.375,-39.78,90.48,24
2018-12,2018-12-01,roe,18.98125,14.01,-37.23,84.02,24
2019-01,2019-01-01,roe,12.334166666666667,13.344999999999999,-30.29,36.8,24
2019-02,2019-02-01,roe,10.72125,10.565000000000001,-90.68,98.42,24
2019-04,2019-04-01,roe,14.5025,12.875,-24.25,89.32,24
2019-05,2019-05-01,roe,14.255833333333333,13.65,-25.17,74.27,24
2019-06,2019-06-01,roe,14.225,13.95,-26.34,62.55,24
2019-07,2019-07-01,roe,15.22125,14.515,-25.51,74.78,24
2019-08,2019-08-01,roe,17.057083333333335,15.02,-24.3,72.21,24
2019-09,2019-09-01,roe,14.5675,14.82,-25.48,84.79,24
2019-10,2019-10-01,roe,14.330416666666666,14.745000000000001,-40.25,76.46,24
2019-11,2019-11-01,roe,17.620833333333334,14.629999999999999,-17.9,79.88,24
2019-12,2019-12-01,roe,15.7725,15.03,-11.7,90.62,24
2020-01,2020-01-01,roe,16.241666666666667,11.615,-17.34,81.41,24
2020-02,2020-02-01,roe,10.90625,10.09,-14.12,49.86,24
2020-03,2020-03-01,roe,6.763750000000001,7.385,-16.58,29.61,24
2020-04,2020-04-01,roe,11.489583333333334,6.87,-19.46,93.09,24
2020-05,2020-05-01,roe,13.767916666666666,6.795,-22.7,78.61,24
2020-06,2020-06-01,roe,11.184166666666668,6.109999999999999,-24.59,71.88,24
2020-07,2020-07-01,roe,5.448333333333334,5.535,-71.16,92.33,24
2020-08,2020-08-01,roe,7.664583333333333,4.835,-24.11,81.48,24
2020-09,2020-09-01,roe,10.534583333333334,4.79,-24.83,90.87,24
2020-10,2020-10-01,roe,8.069999999999999,4.545,-53.56,90.99,24
2020-11,2020-11-01,roe,9.72,4.1850000000000005,-23.51,93.67,24
2020-12,2020-12-01,roe,11.145416666666668,4.3149999999999995,-21.59,95.46,24
2021-01,2021-01-01,roe,11.074583333333335,5.4,-38.18,71.87,24
2021-02,2021-02-01,roe,9.290833333333333,5.875,-37.07,71.26,24
2021-03,2021-03-01,roe,4.203333333333333,5.14,-75.73,60.49,24
2021-04,2021-04-01,roe,3.7304166666666667,5.220000000000001,-69.6,46.65,24
2021-05,2021-05-01,roe,3.686666666666667,4.91,-55.64,49.15,24
2021-06,2021-06-01,roe,4.676666666666667,6.49,-51.6,49.35,24
2021-07,2021-07-01,roe,4.684166666666666,6.09,-55.59,58.94,24
2021-08,2021-08-01,roe,4.17375,6.1,-63.04,52.66,24
2021-09,2021-09-01,roe,7.472916666666666,6.75,-57.34,79.66,24
2021-10,2021-10-01,roe,5.711666666666666,6.775,-51.09,74.55,24
2021-11,2021-11-01,roe,6.145833333333333,7.205,-45.49,69.06,24
2021-12,2021-12-01,roe,19.20916666666667,8.649999999999999,-42.64,91.34,24
2022-02,2022-02-01,roe,11.272083333333335,9.585,-23.86,82.2,24
2022-03,2022-03-01,roe,14.1575,9.504999999999999,-21.87,90.78,24
2022-04,2022-04-01,roe,3.53125,7.54,-81.94,40.09,24
2022-05,2022-05-01,roe,7.467083333333334,8.254999999999999,-22.06,35.51,24
2022-06,2022-06-01,roe,9.94625,8.315000000000001,-24.29,89.34,24
2022-07,2022-07-01,roe,6.117083333333333,7.2,-23.23,30.23,24
2022-08,2022-08-01,roe,6.38,7.42,-20.66,31.76,24
2022-09,2022-09-01,roe,6.327083333333333,7.66,-20.83,29.88,24
2022-10,2022-10-01,roe,6.387083333333333,7.98,-23.14,29.81,24
2022-11,2022-11-01,roe,6.232083333333333,8.325,-26.18,29.08,24
2022-12,2022-12-01,roe,4.15125,7.125,-36.39,18.82,24
2023-01,2023-01-01,roe,12.636666666666665,10.89,-15.85,59.44,24
2023-02,2023-02-01,roe,12.17125,10.0,-52.63,94.83,24
2023-03,2023-03-01,roe,11.375833333333334,12.17,-99.33,89.92,24
2023-04,2023-04-01,roe,8.90125,11.29,-84.92,51.08,24
2023-05,2023-05-01,roe,14.020434782608698,12.82,-34.67,87.63,23
2023-06,2023-06-01,roe,14.27,12.63,-35.53,97.88,23
2023-07,2023-07-01,roe,13.742608695652173,12.63,-32.68,90.05,23
2023-08,2023-08-01,roe,14.343043478260869,13.32,-29.86,84.74,23
2023-09,2023-09-01,roe,13.77,13.31,-29.29,76.95,23
2023-10,2023-10-01,roe,12.696521739130434,13.07,-31.04,71.33,23
2023-11,2023-11-01,roe,10.493478260869566,12.55,-33.12,48.54,23
2023-12,2023-12-01,roe,8.70608695652174,12.15,-38.23,27.3,23
2024-01,2024-01-01,roe,7.2986956521739135,8.58,-99.15,75.68,23
2024-02,2024-02-01,roe,6.642608695652175,6.88,-97.28,94.09,23
2024-03,2024-03-01,roe,10.728695652173913,6.96,-9.37,84.23,23
2024-04,2024-04-01,roe,-0.3478260869565221,6.3,-85.56,49.16,23
2024-05,2024-05-01,roe,10.598260869565218,7.7,-69.23,89.3,23
2024-06,2024-06-01,roe,3.6856521739130432,6.56,-60.33,39.13,23
2024-07,2024-07-01,roe,3.9482608695652175,6.3,-52.63,39.2,23
2024-08,2024-08-01,roe,8.477391304347826,6.8,-45.13,96.69,23
2024-09,2024-09-01,roe,10.259130434782609,7.82,-37.15,91.68,23
2024-10,2024-10-01,roe,10.455217391304348,8.04,-37.63,87.76,23
2024-11,2024-11-01,roe,9.496956521739131,8.22,-38.38,85.03,23
2024-12,2024-12-01,roe,8.275652173913043,7.19,-27.12,82.79,23
2025-01,2025-01-01,roe,12.710869565217392,11.66,-28.51,75.67,23
2025-02,2025-02-01,roe,8.910869565217391,10.65,-31.8,45.14,23
2025-03,2025-03-01,roe,10.858260869565218,11.27,-21.07,45.89,23
2025-04,2025-04-01,roe,13.212608695652174,11.22,-23.67,76.16,23
2025-05,2025-05-01,roe,13.185652173913043,11.19,-23.73,74.32,23
2025-06,2025-06-01,roe,12.117826086956521,11.29,-24.15,58.55,23
2025-07,2025-07-01,roe,11.42695652173913,10.8,-21.97,63.83,23
2025-08,2025-08-01,roe,14.43695652173913,12.14,-19.15,69.11,23
2025-09,2025-09-01,roe,13.737391304347828,12.38,-18.24,76.12,23
2025-10,2025-10-01,roe,13.462608695652174,12.54,-17.97,83.46,23
2025-11,2025-11-01,roe,5.202173913043478,9.87,-94.15,24.98,23
2025-12,2025-12-01,roe,5.654782608695652,12.19,-85.24,21.86,23
2026-01,2026-01-01,roe,14.551739130434783,11.19,1.09,75.84,23
2026-02,2026-02-01,roe,16.90695652173913,11.69,-2.64,64.75,23
2026-03,2026-03-01,roe,14.695652173913043,11.34,-4.09,98.34,23
2009-01,2009-01-01,solvencia_proxy,14.448,9.44,5.83,53.02,25
2009-02,2009-02-01,solvencia_proxy,14.571250000000001,9.49,5.14,51.73,24
2009-03,2009-03-01,solvencia_proxy,14.723199999999999,9.44,6.01,55.56,25
2009-04,2009-04-01,solvencia_proxy,14.4244,9.38,5.19,51.76,25
2009-05,2009-05-01,solvencia_proxy,14.2536,9.18,5.33,52.27,25
2009-06,2009-06-01,solvencia_proxy,14.7576,8.95,5.2,51.6,25
2009-07,2009-07-01,solvencia_proxy,14.365599999999999,8.77,4.27,49.64,25
2009-08,2009-08-01,solvencia_proxy,14.2128,8.67,3.77,50.29,25
2009-09,2009-09-01,solvencia_proxy,14.1776,8.5,3.94,48.46,25
2009-10,2009-10-01,solvencia_proxy,13.5948,8.71,3.96,44.26,25
2009-11,2009-11-01,solvencia_proxy,13.3524,8.16,3.61,41.76,25
2009-12,2009-12-01,solvencia_proxy,13.546800000000001,8.75,3.62,42.28,25
2010-01,2010-01-01,solvencia_proxy,14.228,8.76,4.68,45.75,25
2010-02,2010-02-01,solvencia_proxy,14.2472,8.44,4.6,47.65,25
2010-03,2010-03-01,solvencia_proxy,14.1604,8.64,4.65,44.63,25
2010-04,2010-04-01,solvencia_proxy,14.32,8.76,4.67,45.22,25
2010-05,2010-05-01,solvencia_proxy,13.87,8.41,4.93,45.9,25
2010-06,2010-06-01,solvencia_proxy,13.5888,9.14,4.5,43.4,25
2010-07,2010-07-01,solvencia_proxy,13.5476,8.22,4.76,42.88,25
2010-08,2010-08-01,solvencia_proxy,13.2008,8.14,4.65,42.49,25
2010-09,2010-09-01,solvencia_proxy,13.1432,8.22,4.95,45.12,25
2010-10,2010-10-01,solvencia_proxy,14.5896,7.81,4.34,65.64,25
2010-11,2010-11-01,solvencia_proxy,14.9052,8.53,4.52,78.08,25
2010-12,2010-12-01,solvencia_proxy,14.1604,8.83,5.07,53.42,25
2011-01,2011-01-01,solvencia_proxy,16.072,9.94,6.1,71.27,25
2011-02,2011-02-01,solvencia_proxy,15.7532,9.76,6.13,70.2,25
2011-03,2011-03-01,solvencia_proxy,15.5028,9.86,5.89,71.24,25
2011-04,2011-04-01,solvencia_proxy,15.224,9.72,5.69,69.08,25
2011-05,2011-05-01,solvencia_proxy,15.206399999999999,9.43,5.51,69.43,25
2011-06,2011-06-01,solvencia_proxy,14.761199999999999,9.43,5.32,69.43,25
2011-07,2011-07-01,solvencia_proxy,14.485999999999999,9.2,4.9,69.6,25
2011-08,2011-08-01,solvencia_proxy,11.9428,9.26,4.99,40.64,25
2011-09,2011-09-01,solvencia_proxy,11.648076923076925,9.1,4.82,39.36,26
2011-10,2011-10-01,solvencia_proxy,12.622692307692308,10.3,5.95,40.88,26
2011-11,2011-11-01,solvencia_proxy,12.763846153846155,10.205,6.09,42.95,26
2011-12,2011-12-01,solvencia_proxy,12.312307692307693,10.219999999999999,5.47,37.55,26
2012-01,2012-01-01,solvencia_proxy,13.3,10.69,6.44,43.83,26
2012-02,2012-02-01,solvencia_proxy,13.152692307692307,10.23,6.45,42.21,26
2012-03,2012-03-01,solvencia_proxy,12.778461538461539,10.27,6.35,41.16,26
2012-04,2012-04-01,solvencia_proxy,12.643846153846154,10.205,6.27,40.7,26
2012-05,2012-05-01,solvencia_proxy,12.682307692307692,10.295,6.29,39.51,26
2012-06,2012-06-01,solvencia_proxy,12.629615384615384,9.985,6.43,41.58,26
2012-07,2012-07-01,solvencia_proxy,13.006153846153845,9.815,6.46,41.19,26
2012-08,2012-08-01,solvencia_proxy,12.497307692307693,9.455,6.02,38.37,26
2012-09,2012-09-01,solvencia_proxy,12.456153846153846,9.41,6.14,37.35,26
2012-10,2012-10-01,solvencia_proxy,12.061923076923078,9.129999999999999,6.19,39.11,26
2012-11,2012-11-01,solvencia_proxy,11.858461538461539,9.115,6.11,36.12,26
2012-12,2012-12-01,solvencia_proxy,11.66230769230769,9.015,5.29,41.13,26
2013-01,2013-01-01,solvencia_proxy,12.695,9.84,5.39,39.36,26
2013-02,2013-02-01,solvencia_proxy,12.521153846153847,9.530000000000001,6.44,40.54,26
2013-03,2013-03-01,solvencia_proxy,12.6544,9.74,6.35,40.35,25
2013-04,2013-04-01,solvencia_proxy,12.249583333333334,9.629999999999999,6.43,40.32,24
2013-05,2013-05-01,solvencia_proxy,12.334583333333333,9.780000000000001,6.23,41.16,24
2013-06,2013-06-01,solvencia_proxy,12.39875,9.695,6.23,40.85,24
2013-07,2013-07-01,solvencia_proxy,12.225416666666668,9.55,6.08,38.6,24
2013-08,2013-08-01,solvencia_proxy,12.10125,9.399999999999999,5.94,40.88,24
2013-09,2013-09-01,solvencia_proxy,12.046666666666667,9.755,6.11,38.78,24
2013-10,2013-10-01,solvencia_proxy,11.924583333333333,9.585,5.73,37.33,24
2013-11,2013-11-01,solvencia_proxy,11.675416666666665,9.085,5.8,37.3,24
2013-12,2013-12-01,solvencia_proxy,11.484166666666667,8.98,5.47,36.62,24
2014-01,2014-01-01,solvencia_proxy,12.566250000000002,10.07,6.45,38.65,24
2014-02,2014-02-01,solvencia_proxy,12.507083333333334,10.379999999999999,6.02,37.02,24
2014-03,2014-03-01,solvencia_proxy,12.376,10.25,6.23,37.63,25
2014-04,2014-04-01,solvencia_proxy,12.0704,10.26,6.15,38.12,25
2014-05,2014-05-01,solvencia_proxy,11.9904,10.02,5.83,39.02,25
2014-06,2014-06-01,solvencia_proxy,12.070799999999998,9.95,6.08,42.67,25
2014-07,2014-07-01,solvencia_proxy,12.0572,9.78,6.31,42.87,25
2014-08,2014-08-01,solvencia_proxy,10.594583333333334,9.205,5.81,29.78,24
2014-09,2014-09-01,solvencia_proxy,10.78,9.015,5.88,30.58,24
2014-10,2014-10-01,solvencia_proxy,13.448333333333332,9.665,5.93,77.35,24
2014-11,2014-11-01,solvencia_proxy,13.260416666666666,9.33,6.09,77.29,24
2014-12,2014-12-01,solvencia_proxy,10.617826086956523,9.09,6.02,35.48,23
2015-01,2015-01-01,solvencia_proxy,11.57391304347826,9.47,6.5,35.88,23
2015-02,2015-02-01,solvencia_proxy,11.359130434782609,9.59,6.48,32.84,23
2015-03,2015-03-01,solvencia_proxy,11.54782608695652,9.46,6.65,35.73,23
2015-04,2015-04-01,solvencia_proxy,12.049565217391304,9.77,6.62,34.33,23
2015-05,2015-05-01,solvencia_proxy,11.698695652173912,9.8,6.66,31.4,23
2015-06,2015-06-01,solvencia_proxy,12.289130434782608,10.27,6.9,36.54,23
2015-07,2015-07-01,solvencia_proxy,11.322727272727272,9.670000000000002,6.97,32.91,22
2015-08,2015-08-01,solvencia_proxy,11.46409090909091,9.975000000000001,6.96,34.63,22
2015-09,2015-09-01,solvencia_proxy,11.741363636363637,10.530000000000001,7.21,36.18,22
2015-10,2015-10-01,solvencia_proxy,11.507272727272728,10.105,7.16,31.53,22
2015-11,2015-11-01,solvencia_proxy,11.504545454545454,9.705,7.06,32.59,22
2015-12,2015-12-01,solvencia_proxy,11.688181818181818,10.075,7.28,36.24,22
2016-01,2016-01-01,solvencia_proxy,12.020454545454545,10.129999999999999,7.27,32.14,22
2016-02,2016-02-01,solvencia_proxy,11.965909090909092,10.075,7.22,32.81,22
2016-03,2016-03-01,solvencia_proxy,11.871818181818183,9.600000000000001,7.08,35.46,22
2016-04,2016-04-01,solvencia_proxy,12.367727272727272,10.11,7.35,35.26,22
2016-05,2016-05-01,solvencia_proxy,12.240909090909092,9.68,7.3,34.1,22
2016-06,2016-06-01,solvencia_proxy,12.063181818181818,9.625,7.35,34.78,22
2016-07,2016-07-01,solvencia_proxy,11.45590909090909,9.115,7.02,33.78,22
2016-08,2016-08-01,solvencia_proxy,11.805454545454547,9.17,6.9,33.74,22
2016-09,2016-09-01,solvencia_proxy,11.619545454545454,9.07,6.65,34.32,22
2016-10,2016-10-01,solvencia_proxy,12.059565217391304,8.85,6.46,30.87,23
2016-11,2016-11-01,solvencia_proxy,12.175217391304347,9.25,6.34,32.48,23
2016-12,2016-12-01,solvencia_proxy,11.99608695652174,9.68,6.15,29.96,23
2017-01,2017-01-01,solvencia_proxy,12.943478260869565,10.53,7.11,33.99,23
2017-02,2017-02-01,solvencia_proxy,12.523478260869567,10.62,7.05,30.13,23
2017-03,2017-03-01,solvencia_proxy,12.54695652173913,9.42,6.76,32.74,23
2017-04,2017-04-01,solvencia_proxy,12.597391304347827,10.28,6.89,30.76,23
2017-05,2017-05-01,solvencia_proxy,12.82695652173913,10.42,7.03,31.1,23
2017-06,2017-06-01,solvencia_proxy,13.012500000000001,10.675,7.02,30.72,24
2017-07,2017-07-01,solvencia_proxy,12.955,10.53,7.12,29.34,24
2017-08,2017-08-01,solvencia_proxy,13.260833333333332,10.685,7.23,31.49,24
2017-09,2017-09-01,solvencia_proxy,13.342916666666667,11.14,7.04,31.21,24
2017-10,2017-10-01,solvencia_proxy,13.140833333333333,10.955,7.16,26.37,24
2017-11,2017-11-01,solvencia_proxy,13.1825,10.405000000000001,6.81,28.86,24
2017-12,2017-12-01,solvencia_proxy,13.012083333333335,10.350000000000001,6.64,28.27,24
2018-01,2018-01-01,solvencia_proxy,13.727083333333333,10.375,7.07,28.67,24
2018-02,2018-02-01,solvencia_proxy,13.725,10.405000000000001,7.01,29.5,24
2018-03,2018-03-01,solvencia_proxy,13.350833333333334,9.885,6.54,27.49,24
2018-04,2018-04-01,solvencia_proxy,13.525,10.125,6.67,27.36,24
2018-05,2018-05-01,solvencia_proxy,13.684583333333334,10.344999999999999,6.63,28.21,24
2018-06,2018-06-01,solvencia_proxy,13.557916666666666,9.844999999999999,6.66,28.11,24
2018-07,2018-07-01,solvencia_proxy,13.62625,9.635000000000002,6.6,29.01,24
2018-08,2018-08-01,solvencia_proxy,13.664166666666667,9.665,6.63,29.4,24
2018-09,2018-09-01,solvencia_proxy,13.64125,9.66,6.86,28.98,24
2018-10,2018-10-01,solvencia_proxy,13.617083333333333,9.835,6.79,28.81,24
2018-11,2018-11-01,solvencia_proxy,13.460416666666667,9.805,6.74,28.49,24
2018-12,2018-12-01,solvencia_proxy,13.157499999999999,9.665,6.48,26.79,24
2019-01,2019-01-01,solvencia_proxy,13.856250000000001,10.96,6.91,29.3,24
2019-02,2019-02-01,solvencia_proxy,13.970416666666667,10.535,6.72,30.42,24
2019-04,2019-04-01,solvencia_proxy,14.427916666666667,10.455,6.87,39.26,24
2019-05,2019-05-01,solvencia_proxy,14.359583333333333,10.82,6.79,39.47,24
2019-06,2019-06-01,solvencia_proxy,14.149583333333334,10.295,6.85,38.74,24
2019-07,2019-07-01,solvencia_proxy,14.14625,10.68,6.93,36.22,24
2019-08,2019-08-01,solvencia_proxy,14.028333333333334,10.684999999999999,6.75,36.01,24
2019-09,2019-09-01,solvencia_proxy,13.960833333333333,10.29,6.73,33.52,24
2019-10,2019-10-01,solvencia_proxy,13.717916666666667,10.135000000000002,6.62,31.15,24
2019-11,2019-11-01,solvencia_proxy,13.542083333333332,10.18,6.71,28.54,24
2019-12,2019-12-01,solvencia_proxy,13.275833333333333,9.75,6.4,28.49,24
2020-01,2020-01-01,solvencia_proxy,14.121666666666668,11.1,6.72,29.08,24
2020-02,2020-02-01,solvencia_proxy,13.759166666666665,10.735,6.61,28.5,24
2020-03,2020-03-01,solvencia_proxy,13.765,10.74,6.77,29.32,24
2020-04,2020-04-01,solvencia_proxy,13.765,10.625,6.71,29.06,24
2020-05,2020-05-01,solvencia_proxy,13.589583333333332,10.7,6.92,27.99,24
2020-06,2020-06-01,solvencia_proxy,13.7525,10.7,6.91,30.06,24
2020-07,2020-07-01,solvencia_proxy,13.573333333333332,10.5,6.94,27.76,24
2020-08,2020-08-01,solvencia_proxy,13.450000000000001,10.395,6.88,27.68,24
2020-09,2020-09-01,solvencia_proxy,13.054166666666667,10.195,6.91,26.66,24
2020-10,2020-10-01,solvencia_proxy,12.847083333333332,9.690000000000001,6.68,26.13,24
2020-11,2020-11-01,solvencia_proxy,12.63125,9.46,6.66,25.84,24
2020-12,2020-12-01,solvencia_proxy,12.198749999999999,8.825,6.33,25.33,24
2021-01,2021-01-01,solvencia_proxy,13.094999999999999,10.015,6.44,28.11,24
2021-02,2021-02-01,solvencia_proxy,12.990416666666667,9.865,6.36,27.87,24
2021-03,2021-03-01,solvencia_proxy,12.737083333333333,9.274999999999999,6.39,28.18,24
2021-04,2021-04-01,solvencia_proxy,12.765833333333333,9.345,6.28,28.96,24
2021-05,2021-05-01,solvencia_proxy,12.627916666666666,9.415,6.21,28.82,24
2021-06,2021-06-01,solvencia_proxy,12.668333333333335,9.27,6.24,29.02,24
2021-07,2021-07-01,solvencia_proxy,12.372083333333334,8.84,6.09,27.4,24
2021-08,2021-08-01,solvencia_proxy,12.295416666666666,8.739999999999998,6.24,27.34,24
2021-09,2021-09-01,solvencia_proxy,12.235,8.75,6.15,28.89,24
2021-10,2021-10-01,solvencia_proxy,12.013333333333334,8.69,6.03,27.22,24
2021-12,2021-12-01,solvencia_proxy,12.061250000000001,8.54,6.23,26.68,24
2022-03,2022-03-01,solvencia_proxy,12.4825,9.045,6.41,29.27,24
2022-04,2022-04-01,solvencia_proxy,12.434166666666668,9.185,6.53,27.51,24
2022-05,2022-05-01,solvencia_proxy,12.419166666666667,9.34,6.56,28.09,24
2022-06,2022-06-01,solvencia_proxy,12.362499999999999,9.345,6.54,28.23,24
2022-07,2022-07-01,solvencia_proxy,12.356666666666667,9.735,6.54,27.32,24
2022-08,2022-08-01,solvencia_proxy,12.267083333333332,9.74,6.64,27.93,24
2022-09,2022-09-01,solvencia_proxy,12.272083333333333,9.64,6.6,29.56,24
2022-10,2022-10-01,solvencia_proxy,12.198749999999999,9.445,6.6,29.03,24
2022-11,2022-11-01,solvencia_proxy,12.048333333333334,9.385,6.53,28.84,24
2022-12,2022-12-01,solvencia_proxy,11.643749999999999,8.985,6.3,26.93,24
2023-01,2023-01-01,solvencia_proxy,12.322916666666666,9.094999999999999,6.59,32.1,24
2023-02,2023-02-01,solvencia_proxy,12.058333333333332,9.21,6.46,29.88,24
2023-03,2023-03-01,solvencia_proxy,11.88,9.719999999999999,6.29,30.74,24
2023-04,2023-04-01,solvencia_proxy,11.79125,9.49,6.33,29.58,24
2023-05,2023-05-01,solvencia_proxy,12.041739130434781,9.76,6.41,32.87,23
2023-06,2023-06-01,solvencia_proxy,12.145652173913044,10.07,6.5,34.2,23
2023-07,2023-07-01,solvencia_proxy,12.071739130434782,9.92,6.37,32.85,23
2023-08,2023-08-01,solvencia_proxy,11.87086956521739,9.02,5.02,32.83,23
2023-09,2023-09-01,solvencia_proxy,11.801304347826088,9.41,5.08,32.15,23
2023-10,2023-10-01,solvencia_proxy,11.811739130434784,8.98,5.07,32.25,23
2023-11,2023-11-01,solvencia_proxy,11.775652173913043,9.45,5.05,30.23,23
2023-12,2023-12-01,solvencia_proxy,11.548260869565217,9.4,4.94,29.0,23
2024-01,2024-01-01,solvencia_proxy,12.683913043478261,10.13,6.95,31.08,23
2024-02,2024-02-01,solvencia_proxy,12.407391304347826,9.88,6.85,30.78,23
2024-03,2024-03-01,solvencia_proxy,12.006086956521738,9.59,6.73,28.2,23
2024-04,2024-04-01,solvencia_proxy,12.404782608695653,10.67,6.69,32.18,23
2024-05,2024-05-01,solvencia_proxy,12.10608695652174,9.45,6.39,30.33,23
2024-06,2024-06-01,solvencia_proxy,12.128695652173912,9.37,6.1,33.34,23
2024-07,2024-07-01,solvencia_proxy,11.801739130434783,9.25,5.65,31.7,23
2024-08,2024-08-01,solvencia_proxy,11.767826086956523,9.34,5.27,30.67,23
2024-09,2024-09-01,solvencia_proxy,11.796086956521739,9.39,5.01,31.2,23
2024-10,2024-10-01,solvencia_proxy,11.426521739130434,9.04,4.61,27.3,23
2024-11,2024-11-01,solvencia_proxy,11.367826086956521,9.33,4.41,29.0,23
2024-12,2024-12-01,solvencia_proxy,11.03608695652174,9.16,4.3,24.03,23
2025-01,2025-01-01,solvencia_proxy,11.794782608695652,10.02,6.2,25.51,23
2025-02,2025-02-01,solvencia_proxy,11.526521739130436,9.13,5.79,25.43,23
2025-03,2025-03-01,solvencia_proxy,11.327391304347826,8.99,5.55,25.59,23
2025-04,2025-04-01,solvencia_proxy,10.835217391304349,9.21,5.61,25.87,23
2025-05,2025-05-01,solvencia_proxy,11.227826086956522,9.07,5.67,24.47,23
2025-06,2025-06-01,solvencia_proxy,11.089565217391305,8.96,5.59,23.76,23
2025-07,2025-07-01,solvencia_proxy,11.16304347826087,9.07,5.62,25.09,23
2025-08,2025-08-01,solvencia_proxy,11.033913043478261,9.02,5.75,24.21,23
2025-09,2025-09-01,solvencia_proxy,11.053478260869564,9.09,5.79,24.39,23
2025-10,2025-10-01,solvencia_proxy,11.04304347826087,8.91,5.43,25.58,23
2025-11,2025-11-01,solvencia_proxy,10.927391304347825,8.86,5.69,25.23,23
2025-12,2025-12-01,solvencia_proxy,10.764347826086958,8.98,4.87,24.65,23
2026-01,2026-01-01,solvencia_proxy,11.59913043478261,9.74,6.0,26.94,23
2026-02,2026-02-01,solvencia_proxy,11.445217391304348,9.3,6.6,27.52,23
2026-03,2026-03-01,solvencia_proxy,11.315217391304348,9.27,6.6,28.52,23
