periodo,indicador,promedio_sistema,mediana_sistema,bancos_con_dato
2009-01,activos_totales,643.2348,288.57,25
2009-01,morosidad,5.5636,3.63,25
2009-01,pasivos_totales,574.6976,252.1,25
2009-01,patrimonio,67.8408,28.96,25
2009-01,roe,14.4696,11.64,25
2009-01,solvencia_proxy,14.448,9.44,25
2009-02,activos_totales,651.2508333333334,270.625,24
2009-02,morosidad,6.478333333333333,4.355,24
2009-02,pasivos_totales,581.3854166666666,227.82,24
2009-02,patrimonio,68.45166666666667,26.634999999999998,24
2009-02,roe,17.125,12.115,24
2009-02,solvencia_proxy,14.571250000000001,9.49,24
2009-03,activos_totales,634.8924,288.54,25
2009-03,morosidad,5.74,3.62,25
2009-03,pasivos_totales,565.9516,251.39,25
2009-03,patrimonio,66.75439999999999,28.96,25
2009-03,roe,18.496000000000002,11.42,25
2009-03,solvencia_proxy,14.723199999999999,9.44,25
2009-04,activos_totales,641.7916,267.06,25
2009-04,morosidad,6.0848,4.15,25
2009-04,pasivos_totales,572.1744,236.61,25
2009-04,patrimonio,66.6512,28.96,25
2009-04,roe,13.6976,9.84,25
2009-04,solvencia_proxy,14.4244,9.38,25
2009-05,activos_totales,644.4083999999999,280.77,25
2009-05,morosidad,5.5328,3.93,25
2009-05,pasivos_totales,574.1812,250.18,25
2009-05,patrimonio,66.4628,28.96,25
2009-05,roe,13.510399999999999,11.69,25
2009-05,solvencia_proxy,14.2536,9.18,25
2009-06,activos_totales,639.936,295.78,25
2009-06,morosidad,5.135599999999999,3.8,25
2009-06,pasivos_totales,569.0740000000001,257.73,25
2009-06,patrimonio,66.4516,28.96,25
2009-06,roe,12.6636,11.59,25
2009-06,solvencia_proxy,14.7576,8.95,25
2009-07,activos_totales,646.4252,287.86,25
2009-07,morosidad,9.0352,4.19,25
2009-07,pasivos_totales,575.2144,249.59,25
2009-07,patrimonio,66.1828,28.96,25
2009-07,roe,12.0548,11.18,25
2009-07,solvencia_proxy,14.365599999999999,8.77,25
2009-08,activos_totales,660.5856,291.22,25
2009-08,morosidad,5.626799999999999,4.26,25
2009-08,pasivos_totales,588.518,252.82,25
2009-08,patrimonio,66.27640000000001,28.96,25
2009-08,roe,11.8836,10.79,25
2009-08,solvencia_proxy,14.2128,8.67,25
2009-09,activos_totales,654.7592,291.42,25
2009-09,morosidad,6.5368,4.38,25
2009-09,pasivos_totales,582.014,252.85,25
2009-09,patrimonio,66.24640000000001,28.96,25
2009-09,roe,12.094000000000001,11.62,25
2009-09,solvencia_proxy,14.1776,8.5,25
2009-10,activos_totales,659.2719999999999,280.64,25
2009-10,morosidad,7.969600000000001,4.57,25
2009-10,pasivos_totales,585.9344,249.69,25
2009-10,patrimonio,66.2136,28.96,25
2009-10,roe,12.08,11.75,25
2009-10,solvencia_proxy,13.5948,8.71,25
2009-11,activos_totales,669.7275999999999,284.55,25
2009-11,morosidad,6.446000000000001,4.69,25
2009-11,pasivos_totales,595.7192,246.62,25
2009-11,patrimonio,66.2224,28.96,25
2009-11,roe,18.8188,11.75,25
2009-11,solvencia_proxy,13.3524,8.16,25
2009-12,activos_totales,701.0244,292.93,25
2009-12,morosidad,8.6212,3.41,25
2009-12,pasivos_totales,626.2368,260.32,25
2009-12,patrimonio,74.7868,31.07,25
2009-12,roe,14.304,12.42,25
2009-12,solvencia_proxy,13.546800000000001,8.75,25
2010-01,activos_totales,711.388,292.02,25
2010-01,morosidad,6.19,3.62,25
2010-01,pasivos_totales,635.982,260.93,25
2010-01,patrimonio,74.778,31.07,25
2010-01,roe,14.5932,10.21,25
2010-01,solvencia_proxy,14.228,8.76,25
2010-02,activos_totales,719.2972,314.37,25
2010-02,morosidad,6.453199999999999,4.59,25
2010-02,pasivos_totales,643.844,276.1,25
2010-02,patrimonio,74.2012,31.07,25
2010-02,roe,13.144400000000001,7.62,25
2010-02,solvencia_proxy,14.2472,8.44,25
2010-03,activos_totales,730.7244000000001,314.04,25
2010-03,morosidad,5.816,3.71,25
2010-03,pasivos_totales,655.0455999999999,271.97,25
2010-03,patrimonio,73.6404,31.07,25
2010-03,roe,10.699200000000001,8.28,25
2010-03,solvencia_proxy,14.1604,8.64,25
2010-04,activos_totales,742.5236,301.28,25
2010-04,morosidad,9.0948,3.75,25
2010-04,pasivos_totales,666.3008,262.8,25
2010-04,patrimonio,73.4624,31.07,25
2010-04,roe,12.724400000000001,9.38,25
2010-04,solvencia_proxy,14.32,8.76,25
2010-05,activos_totales,747.2236,296.62,25
2010-05,morosidad,9.585600000000001,4.18,25
2010-05,pasivos_totales,670.1628,258.02,25
2010-05,patrimonio,73.4636,31.07,25
2010-05,roe,10.888,8.98,25
2010-05,solvencia_proxy,13.87,8.41,25
2010-06,activos_totales,748.722,296.4,25
2010-06,morosidad,10.738,4.05,25
2010-06,pasivos_totales,671.4376,257.59,25
2010-06,patrimonio,72.736,31.07,25
2010-06,roe,10.5452,10.17,25
2010-06,solvencia_proxy,13.5888,9.14,25
2010-07,activos_totales,761.5011999999999,290.04,25
2010-07,morosidad,9.087200000000001,4.23,25
2010-07,pasivos_totales,683.3336,251.02,25
2010-07,patrimonio,72.7372,31.07,25
2010-07,roe,10.4528,9.6,25
2010-07,solvencia_proxy,13.5476,8.22,25
2010-08,activos_totales,762.462,292.46,25
2010-08,morosidad,9.754399999999999,4.31,25
2010-08,pasivos_totales,683.2544,253.22,25
2010-08,patrimonio,72.73479999999999,31.07,25
2010-08,roe,14.048,10.71,25
2010-08,solvencia_proxy,13.2008,8.14,25
2010-09,activos_totales,765.3272000000001,297.8,25
2010-09,morosidad,5.3088,3.33,25
2010-09,pasivos_totales,685.0060000000001,257.8,25
2010-09,patrimonio,72.7944,31.07,25
2010-09,roe,10.934800000000001,9.49,25
2010-09,solvencia_proxy,13.1432,8.22,25
2010-10,activos_totales,775.0060000000001,303.56,25
2010-10,morosidad,12.1504,4.28,25
2010-10,pasivos_totales,693.7180000000001,261.4,25
2010-10,patrimonio,72.9924,31.07,25
2010-10,roe,13.532,12.42,25
2010-10,solvencia_proxy,14.5896,7.81,25
2010-11,activos_totales,792.918,309.01,25
2010-11,morosidad,8.6028,3.61,25
2010-11,pasivos_totales,710.57,268.63,25
2010-11,patrimonio,73.0984,31.07,25
2010-11,roe,11.838799999999999,11.62,25
2010-11,solvencia_proxy,14.9052,8.53,25
2010-12,activos_totales,823.8124,325.17,25
2010-12,morosidad,14.655600000000002,3.35,25
2010-12,pasivos_totales,740.446,266.76,25
2010-12,patrimonio,83.3656,33.43,25
2010-12,roe,12.16,12.12,25
2010-12,solvencia_proxy,14.1604,8.83,25
2011-01,activos_totales,814.6124000000001,321.52,25
2011-01,morosidad,11.2224,3.59,25
2011-01,pasivos_totales,730.0692,262.49,25
2011-01,patrimonio,83.36399999999999,33.43,25
2011-01,roe,16.2824,12.79,25
2011-01,solvencia_proxy,16.072,9.94,25
2011-02,activos_totales,830.5631999999999,324.8,25
2011-02,morosidad,12.073599999999999,3.58,25
2011-02,pasivos_totales,745.5304000000001,271.19,25
2011-02,patrimonio,82.7576,33.43,25
2011-02,roe,15.345999999999998,12.64,25
2011-02,solvencia_proxy,15.7532,9.76,25
2011-03,activos_totales,853.1744,333.43,25
2011-03,morosidad,11.9056,3.0,25
2011-03,pasivos_totales,767.3856,273.16,25
2011-03,patrimonio,82.2424,33.43,25
2011-03,roe,16.2364,14.64,25
2011-03,solvencia_proxy,15.5028,9.86,25
2011-04,activos_totales,868.1928,333.65,25
2011-04,morosidad,11.4824,2.96,25
2011-04,pasivos_totales,781.8112,272.58,25
2011-04,patrimonio,81.6196,33.43,25
2011-04,roe,19.1372,13.76,25
2011-04,solvencia_proxy,15.224,9.72,25
2011-05,activos_totales,869.4716000000001,338.43,25
2011-05,morosidad,11.4044,2.87,25
2011-05,pasivos_totales,781.7755999999999,279.21,25
2011-05,patrimonio,81.476,33.43,25
2011-05,roe,13.565199999999999,14.63,25
2011-05,solvencia_proxy,15.206399999999999,9.43,25
2011-06,activos_totales,876.4996000000001,342.99,25
2011-06,morosidad,10.5956,3.4,25
2011-06,pasivos_totales,787.6704000000001,279.75,25
2011-06,patrimonio,81.1592,33.43,25
2011-06,roe,14.032,14.99,25
2011-06,solvencia_proxy,14.761199999999999,9.43,25
2011-07,activos_totales,888.7572,345.41,25
2011-07,morosidad,7.6648000000000005,2.77,25
2011-07,pasivos_totales,798.454,281.6,25
2011-07,patrimonio,81.244,33.43,25
2011-07,roe,14.2408,15.84,25
2011-07,solvencia_proxy,14.485999999999999,9.2,25
2011-08,activos_totales,899.2280000000001,349.64,25
2011-08,morosidad,8.5352,3.24,25
2011-08,pasivos_totales,808.0072,285.04,25
2011-08,patrimonio,80.7884,33.43,25
2011-08,roe,14.792,16.19,25
2011-08,solvencia_proxy,11.9428,9.26,25
2011-09,activos_totales,882.245,343.16999999999996,26
2011-09,morosidad,8.659615384615385,3.6799999999999997,26
2011-09,pasivos_totales,792.8015384615385,289.185,26
2011-09,patrimonio,78.17884615384615,29.345,26
2011-09,roe,18.429230769230767,16.19,26
2011-09,solvencia_proxy,11.648076923076925,9.1,26
2011-10,activos_totales,886.8780769230768,355.34000000000003,26
2011-10,morosidad,8.733461538461539,3.8649999999999998,26
2011-10,pasivos_totales,796.4000000000001,301.78,26
2011-10,patrimonio,78.0526923076923,29.345,26
2011-10,roe,18.982307692307693,16.759999999999998,26
2011-10,solvencia_proxy,12.622692307692308,10.3,26
2011-11,activos_totales,880.5153846153846,360.56,26
2011-11,morosidad,9.128076923076922,4.145,26
2011-11,pasivos_totales,788.9061538461539,303.46000000000004,26
2011-11,patrimonio,78.19615384615385,29.345,26
2011-11,roe,17.918846153846154,16.575000000000003,26
2011-11,solvencia_proxy,12.763846153846155,10.205,26
2011-12,activos_totales,917.9169230769231,364.65,26
2011-12,morosidad,7.036153846153846,2.425,26
2011-12,pasivos_totales,822.4242307692307,310.03499999999997,26
2011-12,patrimonio,95.49384615384616,35.315,26
2011-12,roe,21.720769230769232,16.965,26
2011-12,solvencia_proxy,12.312307692307693,10.219999999999999,26
2012-01,activos_totales,932.4157692307692,366.585,26
2012-01,morosidad,8.63,3.49,26
2012-01,pasivos_totales,835.9442307692308,309.52,26
2012-01,patrimonio,95.27884615384616,35.33,26
2012-01,roe,13.458076923076923,14.465,26
2012-01,solvencia_proxy,13.3,10.69,26
2012-02,activos_totales,948.5307692307692,367.405,26
2012-02,morosidad,6.19923076923077,3.34,26
2012-02,pasivos_totales,850.2046153846154,309.895,26
2012-02,patrimonio,95.95615384615385,35.345,26
2012-02,roe,12.61076923076923,13.805,26
2012-02,solvencia_proxy,13.152692307692307,10.23,26
2012-03,activos_totales,977.3869230769232,376.005,26
2012-03,morosidad,9.543076923076923,3.2,26
2012-03,pasivos_totales,878.3046153846154,319.21000000000004,26
2012-03,patrimonio,95.44192307692308,35.345,26
2012-03,roe,20.29076923076923,15.795,26
2012-03,solvencia_proxy,12.778461538461539,10.27,26
2012-04,activos_totales,987.8773076923078,373.595,26
2012-04,morosidad,9.154615384615385,4.21,26
2012-04,pasivos_totales,888.2407692307692,315.93,26
2012-04,patrimonio,94.69615384615386,35.375,26
2012-04,roe,20.10653846153846,15.945,26
2012-04,solvencia_proxy,12.643846153846154,10.205,26
2012-05,activos_totales,987.8242307692308,380.35,26
2012-05,morosidad,9.233076923076924,3.63,26
2012-05,pasivos_totales,886.9865384615384,322.08,26
2012-05,patrimonio,94.64615384615385,35.425,26
2012-05,roe,18.081923076923076,15.715,26
2012-05,solvencia_proxy,12.682307692307692,10.295,26
2012-06,activos_totales,992.738076923077,387.145,26
2012-06,morosidad,9.10576923076923,3.9299999999999997,26
2012-06,pasivos_totales,890.7688461538461,328.185,26
2012-06,patrimonio,94.71923076923076,35.425,26
2012-06,roe,16.387307692307694,16.21,26
2012-06,solvencia_proxy,12.629615384615384,9.985,26
2012-07,activos_totales,986.5269230769231,389.24,26
2012-07,morosidad,10.241923076923078,3.885,26
2012-07,pasivos_totales,883.8026923076923,329.55,26
2012-07,patrimonio,94.39653846153846,35.455,26
2012-07,roe,16.392307692307693,14.89,26
2012-07,solvencia_proxy,13.006153846153845,9.815,26
2012-08,activos_totales,998.9230769230769,391.93,26
2012-08,morosidad,11.489230769230769,4.015000000000001,26
2012-08,pasivos_totales,894.6484615384616,331.515,26
2012-08,patrimonio,94.89923076923077,35.425,26
2012-08,roe,12.469615384615386,13.899999999999999,26
2012-08,solvencia_proxy,12.497307692307693,9.455,26
2012-09,activos_totales,995.631923076923,393.46000000000004,26
2012-09,morosidad,12.192692307692308,4.63,26
2012-09,pasivos_totales,890.4376923076924,332.185,26
2012-09,patrimonio,94.88192307692307,35.415,26
2012-09,roe,12.788461538461538,13.34,26
2012-09,solvencia_proxy,12.456153846153846,9.41,26
2012-10,activos_totales,1015.6803846153846,398.08,26
2012-10,morosidad,8.923076923076923,4.45,26
2012-10,pasivos_totales,909.5653846153847,335.895,26
2012-10,patrimonio,94.79653846153846,35.56,26
2012-10,roe,16.612692307692306,13.675,26
2012-10,solvencia_proxy,12.061923076923078,9.129999999999999,26
2012-11,activos_totales,1031.106153846154,400.065,26
2012-11,morosidad,13.186153846153847,4.865,26
2012-11,pasivos_totales,924.1896153846154,336.88,26
2012-11,patrimonio,94.94653846153847,35.585,26
2012-11,roe,13.538461538461538,12.375,26
2012-11,solvencia_proxy,11.858461538461539,9.115,26
2012-12,activos_totales,1072.13,412.235,26
2012-12,morosidad,12.08423076923077,4.29,26
2012-12,pasivos_totales,965.5249999999999,357.77,26
2012-12,patrimonio,106.60692307692308,41.545,26
2012-12,roe,18.84346153846154,14.445,26
2012-12,solvencia_proxy,11.66230769230769,9.015,26
2013-01,activos_totales,1049.6976923076923,404.105,26
2013-01,morosidad,13.510384615384615,5.105,26
2013-01,pasivos_totales,942.3311538461538,338.21000000000004,26
2013-01,patrimonio,106.5923076923077,41.545,26
2013-01,roe,11.418846153846154,11.18,26
2013-01,solvencia_proxy,12.695,9.84,26
2013-02,activos_totales,1059.6676923076923,396.15999999999997,26
2013-02,morosidad,14.877307692307692,5.67,26
2013-02,pasivos_totales,951.7142307692308,334.665,26
2013-02,patrimonio,106.6253846153846,41.519999999999996,26
2013-02,roe,7.841538461538462,8.565,26
2013-02,solvencia_proxy,12.521153846153847,9.530000000000001,26
2013-03,activos_totales,1107.9216000000001,399.5,25
2013-03,morosidad,8.75923076923077,4.54,26
2013-03,pasivos_totales,996.8008,334.93,25
2013-03,patrimonio,108.9112,45.87,25
2013-03,roe,6.174615384615384,7.385,26
2013-03,solvencia_proxy,12.6544,9.74,25
2013-04,activos_totales,1161.5379166666667,491.96500000000003,24
2013-04,morosidad,12.018461538461539,4.1850000000000005,26
2013-04,pasivos_totales,1046.4075,448.29499999999996,24
2013-04,patrimonio,111.97833333333334,40.635,24
2013-04,roe,8.167307692307691,8.995000000000001,26
2013-04,solvencia_proxy,12.249583333333334,9.629999999999999,24
2013-05,activos_totales,1163.1133333333335,483.615,24
2013-05,morosidad,12.599230769230768,4.045,26
2013-05,pasivos_totales,1047.4575,433.65999999999997,24
2013-05,patrimonio,111.51333333333334,39.665,24
2013-05,roe,8.263076923076923,8.184999999999999,26
2013-05,solvencia_proxy,12.334583333333333,9.780000000000001,24
2013-06,activos_totales,1168.875,499.845,24
2013-06,morosidad,12.403076923076922,4.095,26
2013-06,pasivos_totales,1053.5979166666666,455.69,24
2013-06,patrimonio,110.07583333333334,39.665,24
2013-06,roe,8.641153846153847,8.98,26
2013-06,solvencia_proxy,12.39875,9.695,24
2013-07,activos_totales,1178.0404166666667,511.14,24
2013-07,morosidad,12.641923076923076,4.039999999999999,26
2013-07,pasivos_totales,1061.7175,466.28,24
2013-07,patrimonio,110.02999999999999,39.655,24
2013-07,roe,10.525769230769232,9.57,26
2013-07,solvencia_proxy,12.225416666666668,9.55,24
2013-08,activos_totales,1187.1241666666667,517.09,24
2013-08,morosidad,8.071153846153846,3.45,26
2013-08,pasivos_totales,1069.7725,465.45000000000005,24
2013-08,patrimonio,110.06791666666668,39.66,24
2013-08,roe,6.938461538461539,8.9,26
2013-08,solvencia_proxy,12.10125,9.399999999999999,24
2013-09,activos_totales,1190.63625,507.515,24
2013-09,morosidad,10.063076923076922,3.73,26
2013-09,pasivos_totales,1072.3533333333332,461.53499999999997,24
2013-09,patrimonio,110.01166666666667,39.655,24
2013-09,roe,7.083461538461538,8.73,26
2013-09,solvencia_proxy,12.046666666666667,9.755,24
2013-10,activos_totales,1202.0266666666666,531.64,24
2013-10,morosidad,6.555384615384615,3.035,26
2013-10,pasivos_totales,1082.3620833333332,478.65,24
2013-10,patrimonio,110.32583333333334,39.85,24
2013-10,roe,9.407307692307693,9.17,26
2013-10,solvencia_proxy,11.924583333333333,9.585,24
2013-11,activos_totales,1232.7379166666667,524.58,24
2013-11,morosidad,10.201923076923077,3.51,26
2013-11,pasivos_totales,1112.2054166666667,473.96,24
2013-11,patrimonio,110.30833333333334,39.650000000000006,24
2013-11,roe,8.615,9.385,26
2013-11,solvencia_proxy,11.675416666666665,9.085,24
2013-12,activos_totales,1280.7666666666667,513.4350000000001,24
2013-12,morosidad,8.890384615384615,3.1100000000000003,26
2013-12,pasivos_totales,1159.5533333333333,458.565,24
2013-12,patrimonio,121.21249999999999,42.78,24
2013-12,roe,14.939583333333333,12.23,24
2013-12,solvencia_proxy,11.484166666666667,8.98,24
2014-01,activos_totales,1259.4125000000001,518.8149999999999,24
2014-01,morosidad,9.541153846153845,3.675,26
2014-01,pasivos_totales,1137.95625,463.58000000000004,24
2014-01,patrimonio,120.47416666666668,42.755,24
2014-01,roe,12.650833333333333,11.89,24
2014-01,solvencia_proxy,12.566250000000002,10.07,24
2014-02,activos_totales,1264.0925,520.57,24
2014-02,morosidad,10.095384615384615,3.745,26
2014-02,pasivos_totales,1141.7158333333334,464.96500000000003,24
2014-02,patrimonio,120.49083333333333,42.765,24
2014-02,roe,6.621666666666667,9.245000000000001,24
2014-02,solvencia_proxy,12.507083333333334,10.379999999999999,24
2014-03,activos_totales,1230.6940000000002,474.11,25
2014-03,morosidad,9.77037037037037,4.51,27
2014-03,pasivos_totales,1112.1091999999999,416.49,25
2014-03,patrimonio,115.7556,38.98,25
2014-03,roe,7.7488,9.78,25
2014-03,solvencia_proxy,12.376,10.25,25
2014-04,activos_totales,1228.318,469.11,25
2014-04,morosidad,7.9907407407407405,4.11,27
2014-04,pasivos_totales,1108.8444,410.74,25
2014-04,patrimonio,115.60960000000001,38.92,25
2014-04,roe,5.9088,10.02,25
2014-04,solvencia_proxy,12.0704,10.26,25
2014-05,activos_totales,1231.9068,460.75,25
2014-05,morosidad,8.528518518518519,4.26,27
2014-05,pasivos_totales,1111.9376,408.61,25
2014-05,patrimonio,115.08840000000001,38.15,25
2014-05,roe,9.316799999999999,9.37,25
2014-05,solvencia_proxy,11.9904,10.02,25
2014-06,activos_totales,1253.1616000000001,464.06,25
2014-06,morosidad,8.607037037037037,4.44,27
2014-06,pasivos_totales,1132.0292,411.4,25
2014-06,patrimonio,115.1964,38.3,25
2014-06,roe,9.474400000000001,9.51,25
2014-06,solvencia_proxy,12.070799999999998,9.95,25
2014-07,activos_totales,1258.5388,462.72,25
2014-07,morosidad,9.008888888888889,4.37,27
2014-07,pasivos_totales,1136.1368,409.3,25
2014-07,patrimonio,115.40279999999998,38.19,25
2014-07,roe,7.9075999999999995,9.09,25
2014-07,solvencia_proxy,12.0572,9.78,25
2014-08,activos_totales,1325.5516666666665,511.45000000000005,24
2014-08,morosidad,9.483076923076924,4.61,26
2014-08,pasivos_totales,1198.0854166666666,456.58500000000004,24
2014-08,patrimonio,118.95625,42.69,24
2014-08,roe,10.2475,10.844999999999999,24
2014-08,solvencia_proxy,10.594583333333334,9.205,24
2014-09,activos_totales,1334.0449999999998,514.31,24
2014-09,morosidad,9.917307692307693,4.805,26
2014-09,pasivos_totales,1205.2820833333333,457.41,24
2014-09,patrimonio,119.07708333333333,42.644999999999996,24
2014-09,roe,10.321666666666667,10.7,24
2014-09,solvencia_proxy,10.78,9.015,24
2014-10,activos_totales,1340.855,459.73,24
2014-10,morosidad,9.443846153846154,4.57,26
2014-10,pasivos_totales,1209.83375,411.06,24
2014-10,patrimonio,119.16166666666668,42.685,24
2014-10,roe,11.83875,12.04,24
2014-10,solvencia_proxy,13.448333333333332,9.665,24
2014-11,activos_totales,1353.5775,436.14,24
2014-11,morosidad,8.859615384615385,4.055,26
2014-11,pasivos_totales,1221.0975,387.07500000000005,24
2014-11,patrimonio,119.21083333333333,42.68,24
2014-11,roe,11.745416666666666,12.005,24
2014-11,solvencia_proxy,13.260416666666666,9.33,24
2014-12,activos_totales,1461.7008695652175,462.63,23
2014-12,morosidad,10.840769230769231,3.93,26
2014-12,pasivos_totales,1325.3773913043478,421.79,23
2014-12,patrimonio,136.32565217391306,45.84,23
2014-12,roe,9.224347826086957,10.36,23
2014-12,solvencia_proxy,10.617826086956523,9.09,23
2015-01,activos_totales,1426.8256521739129,450.23,23
2015-01,morosidad,13.802608695652173,5.04,23
2015-01,pasivos_totales,1289.1273913043478,408.94,23
2015-01,patrimonio,136.54,45.74,23
2015-01,roe,6.644782608695652,9.34,23
2015-01,solvencia_proxy,11.57391304347826,9.47,23
2015-02,activos_totales,1429.8747826086958,450.81,23
2015-02,morosidad,9.828695652173913,5.65,23
2015-02,pasivos_totales,1292.1708695652173,409.27,23
2015-02,patrimonio,135.53478260869565,45.73,23
2015-02,roe,8.277391304347827,10.21,23
2015-02,solvencia_proxy,11.359130434782609,9.59,23
2015-03,activos_totales,1439.787391304348,450.19,23
2015-03,morosidad,8.650434782608695,5.41,23
2015-03,pasivos_totales,1301.5517391304347,407.8,23
2015-03,patrimonio,134.7982608695652,45.82,23
2015-03,roe,11.404782608695653,10.29,23
2015-03,solvencia_proxy,11.54782608695652,9.46,23
2015-04,activos_totales,1410.3947826086958,438.84,23
2015-04,morosidad,7.455652173913043,5.34,23
2015-04,pasivos_totales,1272.21,396.2,23
2015-04,patrimonio,133.52,45.83,23
2015-04,roe,12.051739130434783,9.54,23
2015-04,solvencia_proxy,12.049565217391304,9.77,23
2015-05,activos_totales,1404.6726086956521,433.23,23
2015-05,morosidad,8.406086956521738,5.53,23
2015-05,pasivos_totales,1265.5552173913043,390.18,23
2015-05,patrimonio,133.3978260869565,45.83,23
2015-05,roe,11.623043478260868,9.67,23
2015-05,solvencia_proxy,11.698695652173912,9.8,23
2015-06,activos_totales,1397.1139130434783,431.62,23
2015-06,morosidad,8.821304347826088,5.13,23
2015-06,pasivos_totales,1256.9773913043477,390.56,23
2015-06,patrimonio,133.19173913043477,45.76,23
2015-06,roe,11.19304347826087,9.97,23
2015-06,solvencia_proxy,12.289130434782608,10.27,23
2015-07,activos_totales,1381.901304347826,418.84,23
2015-07,morosidad,10.778695652173912,5.5,23
2015-07,pasivos_totales,1241.7621739130434,377.42,23
2015-07,patrimonio,132.08608695652174,45.72,23
2015-07,roe,10.693913043478261,9.98,23
2015-07,solvencia_proxy,11.322727272727272,9.670000000000002,22
2015-08,activos_totales,1434.0240909090908,453.29,22
2015-08,morosidad,7.41,5.645,22
2015-08,pasivos_totales,1286.4977272727274,404.02,22
2015-08,patrimonio,138.03863636363636,47.775,22
2015-08,roe,6.694545454545454,9.285,22
2015-08,solvencia_proxy,11.46409090909091,9.975000000000001,22
2015-09,activos_totales,1408.368181818182,439.2,22
2015-09,morosidad,6.211363636363637,5.449999999999999,22
2015-09,pasivos_totales,1260.0104545454544,390.0,22
2015-09,patrimonio,137.9209090909091,47.735,22
2015-09,roe,9.323636363636362,9.059999999999999,22
2015-09,solvencia_proxy,11.741363636363637,10.530000000000001,22
2015-10,activos_totales,1406.6286363636364,441.45500000000004,22
2015-10,morosidad,6.624545454545455,6.005,22
2015-10,pasivos_totales,1257.4095454545457,391.79499999999996,22
2015-10,patrimonio,137.8881818181818,47.405,22
2015-10,roe,9.674545454545454,8.69,22
2015-10,solvencia_proxy,11.507272727272728,10.105,22
2015-11,activos_totales,1401.205909090909,465.805,22
2015-11,morosidad,7.536363636363637,6.720000000000001,22
2015-11,pasivos_totales,1251.7759090909092,415.78999999999996,22
2015-11,patrimonio,137.48772727272728,46.815,22
2015-11,roe,10.246363636363638,8.515,22
2015-11,solvencia_proxy,11.504545454545454,9.705,22
2015-12,activos_totales,1402.913181818182,444.3,22
2015-12,morosidad,6.752272727272728,5.79,22
2015-12,pasivos_totales,1253.0727272727274,394.115,22
2015-12,patrimonio,149.84045454545455,50.445,22
2015-12,roe,9.35,7.359999999999999,22
2015-12,solvencia_proxy,11.688181818181818,10.075,22
2016-01,activos_totales,1418.9745454545455,437.555,22
2016-01,morosidad,8.138636363636364,6.365,22
2016-01,pasivos_totales,1268.3722727272727,386.97,22
2016-01,patrimonio,149.75954545454545,50.42,22
2016-01,roe,8.243636363636362,6.29,22
2016-01,solvencia_proxy,12.020454545454545,10.129999999999999,22
2016-02,activos_totales,1441.6222727272727,452.125,22
2016-02,morosidad,8.777727272727274,6.925,22
2016-02,pasivos_totales,1290.86,400.82500000000005,22
2016-02,patrimonio,149.3759090909091,50.435,22
2016-02,roe,10.374545454545453,5.145,22
2016-02,solvencia_proxy,11.965909090909092,10.075,22
2016-03,activos_totales,1466.9281818181817,482.555,22
2016-03,morosidad,9.501363636363637,7.1,22
2016-03,pasivos_totales,1317.638181818182,435.02,22
2016-03,patrimonio,146.9640909090909,50.405,22
2016-03,roe,8.387727272727274,5.785,22
2016-03,solvencia_proxy,11.871818181818183,9.600000000000001,22
2016-04,activos_totales,1451.933181818182,463.74,22
2016-04,morosidad,8.637727272727274,6.975,22
2016-04,pasivos_totales,1301.6777272727272,410.81,22
2016-04,patrimonio,147.30772727272728,49.92,22
2016-04,roe,5.065454545454545,5.380000000000001,22
2016-04,solvencia_proxy,12.367727272727272,10.11,22
2016-05,activos_totales,1441.3636363636363,453.98,22
2016-05,morosidad,8.882727272727273,7.745,22
2016-05,pasivos_totales,1290.4854545454546,401.95000000000005,22
2016-05,patrimonio,147.16863636363635,49.895,22
2016-05,roe,9.405454545454546,5.9399999999999995,22
2016-05,solvencia_proxy,12.240909090909092,9.68,22
2016-06,activos_totales,1472.1277272727273,471.735,22
2016-06,morosidad,8.74,6.785,22
2016-06,pasivos_totales,1320.800909090909,419.58500000000004,22
2016-06,patrimonio,146.875,49.834999999999994,22
2016-06,roe,19.955454545454547,7.619999999999999,22
2016-06,solvencia_proxy,12.063181818181818,9.625,22
2016-07,activos_totales,1476.9195454545454,472.345,22
2016-07,morosidad,9.389090909090909,6.925000000000001,22
2016-07,pasivos_totales,1324.8204545454546,419.875,22
2016-07,patrimonio,146.90545454545455,49.83,22
2016-07,roe,13.141818181818183,6.425000000000001,22
2016-07,solvencia_proxy,11.45590909090909,9.115,22
2016-08,activos_totales,1500.3195454545455,472.74,22
2016-08,morosidad,9.44681818181818,7.3,22
2016-08,pasivos_totales,1347.2440909090908,419.53499999999997,22
2016-08,patrimonio,147.07545454545453,49.74,22
2016-08,roe,8.723181818181818,6.43,22
2016-08,solvencia_proxy,11.805454545454547,9.17,22
2016-09,activos_totales,1524.6227272727272,474.985,22
2016-09,morosidad,9.32090909090909,6.87,22
2016-09,pasivos_totales,1370.6027272727274,421.105,22
2016-09,patrimonio,147.10363636363638,49.42,22
2016-09,roe,9.944545454545455,6.975,22
2016-09,solvencia_proxy,11.619545454545454,9.07,22
2016-10,activos_totales,1480.1082608695651,417.88,23
2016-10,morosidad,8.18608695652174,6.93,23
2016-10,pasivos_totales,1331.3152173913043,373.21,23
2016-10,patrimonio,141.34217391304347,49.09,23
2016-10,roe,9.266521739130434,6.5,23
2016-10,solvencia_proxy,12.059565217391304,8.85,23
2016-11,activos_totales,1487.8134782608695,400.87,23
2016-11,morosidad,8.264347826086956,7.13,23
2016-11,pasivos_totales,1338.2760869565216,355.85,23
2016-11,patrimonio,141.21652173913043,49.11,23
2016-11,roe,8.84086956521739,6.6,23
2016-11,solvencia_proxy,12.175217391304347,9.25,23
2016-12,activos_totales,1547.787391304348,421.66,23
2016-12,morosidad,7.485652173913043,5.98,23
2016-12,pasivos_totales,1394.5782608695652,374.97,23
2016-12,patrimonio,153.2091304347826,51.51,23
2016-12,roe,11.12782608695652,6.69,23
2016-12,solvencia_proxy,11.99608695652174,9.68,23
2017-01,activos_totales,1520.83,413.82,23
2017-01,morosidad,8.189130434782609,6.27,23
2017-01,pasivos_totales,1365.8439130434783,366.85,23
2017-01,patrimonio,154.08260869565217,53.87,23
2017-01,roe,4.83,6.81,23
2017-01,solvencia_proxy,12.943478260869565,10.53,23
2017-02,activos_totales,1540.7343478260868,423.67,23
2017-02,morosidad,8.874347826086955,6.18,23
2017-02,pasivos_totales,1384.3869565217392,376.37,23
2017-02,patrimonio,154.50826086956522,53.95,23
2017-02,roe,5.6121739130434785,6.38,23
2017-02,solvencia_proxy,12.523478260869567,10.62,23
2017-03,activos_totales,1570.0217391304348,419.57,23
2017-03,morosidad,10.255652173913044,6.23,23
2017-03,pasivos_totales,1413.195652173913,371.92,23
2017-03,patrimonio,153.59739130434784,54.41,23
2017-03,roe,13.672173913043478,7.68,23
2017-03,solvencia_proxy,12.54695652173913,9.42,23
2017-04,activos_totales,1552.8256521739129,422.01,23
2017-04,morosidad,8.411739130434782,6.34,23
2017-04,pasivos_totales,1397.0191304347825,373.61,23
2017-04,patrimonio,151.46260869565216,53.63,23
2017-04,roe,5.721304347826087,5.67,23
2017-04,solvencia_proxy,12.597391304347827,10.28,23
2017-05,activos_totales,1527.1947826086957,417.33,23
2017-05,morosidad,8.489999999999998,5.84,23
2017-05,pasivos_totales,1370.2034782608696,370.15,23
2017-05,patrimonio,151.2682608695652,53.39,23
2017-05,roe,10.916086956521738,8.0,23
2017-05,solvencia_proxy,12.82695652173913,10.42,23
2017-06,activos_totales,1550.3295833333334,487.83500000000004,24
2017-06,morosidad,7.7316666666666665,5.6899999999999995,24
2017-06,pasivos_totales,1385.4758333333332,429.46500000000003,24
2017-06,patrimonio,156.98541666666668,53.349999999999994,24
2017-06,roe,9.682083333333333,8.605,24
2017-06,solvencia_proxy,13.012500000000001,10.675,24
2017-07,activos_totales,1544.0145833333333,493.92999999999995,24
2017-07,morosidad,7.84125,5.529999999999999,24
2017-07,pasivos_totales,1376.4166666666667,435.03499999999997,24
2017-07,patrimonio,158.32833333333335,53.28,24
2017-07,roe,15.268333333333333,9.6,24
2017-07,solvencia_proxy,12.955,10.53,24
2017-08,activos_totales,1541.4820833333333,504.765,24
2017-08,morosidad,7.545833333333333,5.1899999999999995,24
2017-08,pasivos_totales,1372.215,444.31,24
2017-08,patrimonio,158.49958333333333,53.32,24
2017-08,roe,7.26125,6.955,24
2017-08,solvencia_proxy,13.260833333333332,10.685,24
2017-09,activos_totales,1533.082916666667,498.53,24
2017-09,morosidad,6.489166666666667,5.07,24
2017-09,pasivos_totales,1362.015,436.635,24
2017-09,patrimonio,158.73875,53.295,24
2017-09,roe,11.022916666666667,8.455,24
2017-09,solvencia_proxy,13.342916666666667,11.14,24
2017-10,activos_totales,1550.962083333333,507.78999999999996,24
2017-10,morosidad,6.23875,4.42,24
2017-10,pasivos_totales,1378.5654166666666,445.265,24
2017-10,patrimonio,158.79749999999999,53.315,24
2017-10,roe,7.18625,8.22,24
2017-10,solvencia_proxy,13.140833333333333,10.955,24
2017-11,activos_totales,1580.6783333333333,538.325,24
2017-11,morosidad,6.220833333333332,4.385,24
2017-11,pasivos_totales,1407.01375,475.49,24
2017-11,patrimonio,158.84083333333334,53.35,24
2017-11,roe,9.90625,9.21,24
2017-11,solvencia_proxy,13.1825,10.405000000000001,24
2017-12,activos_totales,1623.95625,544.87,24
2017-12,morosidad,9.460833333333333,4.29,24
2017-12,pasivos_totales,1448.2212499999998,480.65999999999997,24
2017-12,patrimonio,175.73458333333335,57.78,24
2017-12,roe,12.08,10.530000000000001,24
2017-12,solvencia_proxy,13.012083333333335,10.350000000000001,24
2018-01,activos_totales,1605.1833333333334,545.505,24
2018-01,morosidad,10.117083333333333,4.615,24
2018-01,pasivos_totales,1427.9841666666669,480.91499999999996,24
2018-01,patrimonio,175.56916666666666,57.805,24
2018-01,roe,14.657916666666667,10.75,24
2018-01,solvencia_proxy,13.727083333333333,10.375,24
2018-02,activos_totales,1617.505,529.235,24
2018-02,morosidad,7.142083333333333,4.395,24
2018-02,pasivos_totales,1439.944166666667,464.625,24
2018-02,patrimonio,174.45458333333332,57.795,24
2018-02,roe,11.979999999999999,9.975000000000001,24
2018-02,solvencia_proxy,13.725,10.405000000000001,24
2018-03,activos_totales,1639.3412499999997,547.44,24
2018-03,morosidad,7.855833333333333,4.34,24
2018-03,pasivos_totales,1463.5454166666668,483.65,24
2018-03,patrimonio,171.07416666666666,57.825,24
2018-03,roe,14.067916666666667,10.489999999999998,24
2018-03,solvencia_proxy,13.350833333333334,9.885,24
2018-04,activos_totales,1629.9579166666665,532.475,24
2018-04,morosidad,7.493333333333333,4.37,24
2018-04,pasivos_totales,1453.4016666666666,468.94,24
2018-04,patrimonio,170.1475,57.81,24
2018-04,roe,13.316250000000002,10.364999999999998,24
2018-04,solvencia_proxy,13.525,10.125,24
2018-05,activos_totales,1615.91125,519.21,24
2018-05,morosidad,11.549999999999999,4.4399999999999995,24
2018-05,pasivos_totales,1437.6608333333334,456.145,24
2018-05,patrimonio,169.6875,57.305,24
2018-05,roe,9.716666666666667,10.43,24
2018-05,solvencia_proxy,13.684583333333334,10.344999999999999,24
2018-06,activos_totales,1626.7129166666666,544.46,24
2018-06,morosidad,11.099583333333333,3.9450000000000003,24
2018-06,pasivos_totales,1446.6754166666667,483.18000000000006,24
2018-06,patrimonio,169.41958333333335,57.33,24
2018-06,roe,10.564166666666667,11.84,24
2018-06,solvencia_proxy,13.557916666666666,9.844999999999999,24
2018-07,activos_totales,1631.43625,553.4649999999999,24
2018-07,morosidad,11.229999999999999,4.21,24
2018-07,pasivos_totales,1449.0695833333332,490.04499999999996,24
2018-07,patrimonio,169.60125,57.365,24
2018-07,roe,13.475416666666668,12.555,24
2018-07,solvencia_proxy,13.62625,9.635000000000002,24
2018-08,activos_totales,1638.0354166666666,546.75,24
2018-08,morosidad,11.158333333333333,4.050000000000001,24
2018-08,pasivos_totales,1453.524583333333,483.245,24
2018-08,patrimonio,169.50041666666667,57.35,24
2018-08,roe,12.16125,13.190000000000001,24
2018-08,solvencia_proxy,13.664166666666667,9.665,24
2018-09,activos_totales,1639.8345833333333,553.855,24
2018-09,morosidad,7.19125,3.9450000000000003,24
2018-09,pasivos_totales,1453.6583333333335,490.12,24
2018-09,patrimonio,169.10166666666666,57.379999999999995,24
2018-09,roe,13.052083333333334,12.805,24
2018-09,solvencia_proxy,13.64125,9.66,24
2018-10,activos_totales,1641.7758333333334,575.4549999999999,24
2018-10,morosidad,7.615416666666667,4.025,24
2018-10,pasivos_totales,1453.58,510.96,24
2018-10,patrimonio,169.0575,57.355000000000004,24
2018-10,roe,18.700416666666666,13.315000000000001,24
2018-10,solvencia_proxy,13.617083333333333,9.835,24
2018-11,activos_totales,1661.6041666666667,590.05,24
2018-11,morosidad,7.643750000000001,3.8899999999999997,24
2018-11,pasivos_totales,1471.545,523.39,24
2018-11,patrimonio,169.04416666666665,57.195,24
2018-11,roe,14.055416666666666,13.375,24
2018-11,solvencia_proxy,13.460416666666667,9.805,24
2018-12,activos_totales,1707.6658333333335,619.515,24
2018-12,morosidad,11.1,3.59,24
2018-12,pasivos_totales,1515.5183333333334,538.365,24
2018-12,patrimonio,192.1475,58.335,24
2018-12,roe,18.98125,14.01,24
2018-12,solvencia_proxy,13.157499999999999,9.665,24
2019-01,activos_totales,1681.3075,606.39,24
2019-01,morosidad,12.427916666666667,4.08,24
2019-01,pasivos_totales,1486.8104166666665,522.595,24
2019-01,patrimonio,192.41166666666666,58.34,24
2019-01,roe,12.334166666666667,13.344999999999999,24
2019-01,solvencia_proxy,13.856250000000001,10.96,24
2019-02,activos_totales,1710.13875,612.9549999999999,24
2019-02,morosidad,8.644166666666665,3.755,24
2019-02,pasivos_totales,1515.8258333333333,526.575,24
2019-02,patrimonio,190.51958333333334,57.585,24
2019-02,roe,10.72125,10.565000000000001,24
2019-02,solvencia_proxy,13.970416666666667,10.535,24
2019-04,activos_totales,1723.6691666666666,587.025,24
2019-04,morosidad,8.710833333333332,3.77,24
2019-04,pasivos_totales,1527.9441666666664,516.995,24
2019-04,patrimonio,187.9020833333333,57.56,24
2019-04,roe,14.5025,12.875,24
2019-04,solvencia_proxy,14.427916666666667,10.455,24
2019-05,activos_totales,1721.3129166666668,556.035,24
2019-05,morosidad,9.224583333333333,3.945,24
2019-05,pasivos_totales,1525.5229166666666,486.005,24
2019-05,patrimonio,185.68541666666667,57.575,24
2019-05,roe,14.255833333333333,13.65,24
2019-05,solvencia_proxy,14.359583333333333,10.82,24
2019-06,activos_totales,1736.3179166666666,564.1500000000001,24
2019-06,morosidad,9.067083333333334,4.02,24
2019-06,pasivos_totales,1538.5229166666668,494.03,24
2019-06,patrimonio,185.48166666666668,57.57,24
2019-06,roe,14.225,13.95,24
2019-06,solvencia_proxy,14.149583333333334,10.295,24
2019-07,activos_totales,1748.5020833333335,550.805,24
2019-07,morosidad,9.082083333333333,3.945,24
2019-07,pasivos_totales,1548.1679166666665,479.46999999999997,24
2019-07,patrimonio,185.52666666666664,57.42,24
2019-07,roe,15.22125,14.515,24
2019-07,solvencia_proxy,14.14625,10.68,24
2019-08,activos_totales,1770.2079166666665,553.98,24
2019-08,morosidad,9.02,3.9050000000000002,24
2019-08,pasivos_totales,1566.6525000000001,481.37,24
2019-08,patrimonio,186.3770833333333,57.425,24
2019-08,roe,17.057083333333335,15.02,24
2019-08,solvencia_proxy,14.028333333333334,10.684999999999999,24
2019-09,activos_totales,1776.5008333333333,574.7,24
2019-09,morosidad,7.751666666666666,4.06,24
2019-09,pasivos_totales,1571.00375,502.03499999999997,24
2019-09,patrimonio,186.16291666666666,57.425,24
2019-09,roe,14.5675,14.82,24
2019-09,solvencia_proxy,13.960833333333333,10.29,24
2019-10,activos_totales,1775.7870833333334,573.55,24
2019-10,morosidad,7.510416666666667,4.33,24
2019-10,pasivos_totales,1568.805833333333,502.30999999999995,24
2019-10,patrimonio,185.66875000000002,57.415,24
2019-10,roe,14.330416666666666,14.745000000000001,24
2019-10,solvencia_proxy,13.717916666666667,10.135000000000002,24
2019-11,activos_totales,1786.9937499999999,581.715,24
2019-11,morosidad,6.985833333333333,4.27,24
2019-11,pasivos_totales,1578.7216666666666,512.03,24
2019-11,patrimonio,184.93583333333333,57.415,24
2019-11,roe,17.620833333333334,14.629999999999999,24
2019-11,solvencia_proxy,13.542083333333332,10.18,24
2019-12,activos_totales,1857.6108333333334,579.075,24
2019-12,morosidad,6.077916666666667,3.51,24
2019-12,pasivos_totales,1647.32125,506.765,24
2019-12,patrimonio,210.2891666666667,60.605,24
2019-12,roe,15.7725,15.03,24
2019-12,solvencia_proxy,13.275833333333333,9.75,24
2020-01,activos_totales,1858.8133333333333,579.8299999999999,24
2020-01,morosidad,6.309166666666666,4.04,24
2020-01,pasivos_totales,1646.4495833333333,506.905,24
2020-01,patrimonio,210.22125000000003,60.61,24
2020-01,roe,16.241666666666667,11.615,24
2020-01,solvencia_proxy,14.121666666666668,11.1,24
2020-02,activos_totales,1888.2175,613.8199999999999,24
2020-02,morosidad,6.460416666666666,4.355,24
2020-02,pasivos_totales,1676.57875,541.24,24
2020-02,patrimonio,207.635,60.625,24
2020-02,roe,10.90625,10.09,24
2020-02,solvencia_proxy,13.759166666666665,10.735,24
2020-03,activos_totales,1833.9858333333334,576.6949999999999,24
2020-03,morosidad,5.843333333333334,3.7800000000000002,24
2020-03,pasivos_totales,1626.0245833333336,509.42,24
2020-03,patrimonio,203.8658333333333,60.629999999999995,24
2020-03,roe,6.763750000000001,7.385,24
2020-03,solvencia_proxy,13.765,10.74,24
2020-04,activos_totales,1821.6104166666667,575.7049999999999,24
2020-04,morosidad,5.551666666666667,3.85,24
2020-04,pasivos_totales,1613.4483333333335,508.495,24
2020-04,patrimonio,203.56875,60.635,24
2020-04,roe,11.489583333333334,6.87,24
2020-04,solvencia_proxy,13.765,10.625,24
2020-05,activos_totales,1828.4320833333331,572.565,24
2020-05,morosidad,5.48375,3.5949999999999998,24
2020-05,pasivos_totales,1619.28125,503.625,24
2020-05,patrimonio,203.92,60.65,24
2020-05,roe,13.767916666666666,6.795,24
2020-05,solvencia_proxy,13.589583333333332,10.7,24
2020-06,activos_totales,1843.8325000000002,562.135,24
2020-06,morosidad,9.414166666666667,3.675,24
2020-06,pasivos_totales,1633.6508333333331,492.30499999999995,24
2020-06,patrimonio,204.29875,60.629999999999995,24
2020-06,roe,11.184166666666668,6.109999999999999,24
2020-06,solvencia_proxy,13.7525,10.7,24
2020-07,activos_totales,1853.1575,553.63,24
2020-07,morosidad,12.81125,3.565,24
2020-07,pasivos_totales,1641.8000000000002,483.005,24
2020-07,patrimonio,204.79875,60.625,24
2020-07,roe,5.448333333333334,5.535,24
2020-07,solvencia_proxy,13.573333333333332,10.5,24
2020-08,activos_totales,1875.7562500000001,548.515,24
2020-08,morosidad,5.16625,3.41,24
2020-08,pasivos_totales,1662.5529166666665,477.08000000000004,24
2020-08,patrimonio,206.29333333333332,60.81,24
2020-08,roe,7.664583333333333,4.835,24
2020-08,solvencia_proxy,13.450000000000001,10.395,24
2020-09,activos_totales,1890.42875,581.6,24
2020-09,morosidad,5.96875,4.125,24
2020-09,pasivos_totales,1677.6254166666668,508.465,24
2020-09,patrimonio,205.56500000000003,60.81,24
2020-09,roe,10.534583333333334,4.79,24
2020-09,solvencia_proxy,13.054166666666667,10.195,24
2020-10,activos_totales,1944.3929166666667,574.665,24
2020-10,morosidad,4.801666666666667,2.955,24
2020-10,pasivos_totales,1730.9279166666665,501.92,24
2020-10,patrimonio,205.52541666666664,59.7,24
2020-10,roe,8.069999999999999,4.545,24
2020-10,solvencia_proxy,12.847083333333332,9.690000000000001,24
2020-11,activos_totales,1946.3858333333335,572.115,24
2020-11,morosidad,4.654583333333333,3.4050000000000002,24
2020-11,pasivos_totales,1733.1141666666665,503.53,24
2020-11,patrimonio,204.72833333333332,59.665,24
2020-11,roe,9.72,4.1850000000000005,24
2020-11,solvencia_proxy,12.63125,9.46,24
2020-12,activos_totales,2019.1120833333334,589.5,24
2020-12,morosidad,8.343333333333334,3.07,24
2020-12,pasivos_totales,1806.837083333333,520.39,24
2020-12,patrimonio,212.27583333333334,62.005,24
2020-12,roe,11.145416666666668,4.3149999999999995,24
2020-12,solvencia_proxy,12.198749999999999,8.825,24
2021-01,activos_totales,1994.67875,576.145,24
2021-01,morosidad,4.687083333333333,3.395,24
2021-01,pasivos_totales,1781.8441666666668,504.74,24
2021-01,patrimonio,211.6641666666667,62.005,24
2021-01,roe,11.074583333333335,5.4,24
2021-01,solvencia_proxy,13.094999999999999,10.015,24
2021-02,activos_totales,1994.1383333333333,588.5699999999999,24
2021-02,morosidad,4.69125,3.43,24
2021-02,pasivos_totales,1780.9216666666669,516.61,24
2021-02,patrimonio,211.1075,62.0,24
2021-02,roe,9.290833333333333,5.875,24
2021-02,solvencia_proxy,12.990416666666667,9.865,24
2021-03,activos_totales,2021.1045833333335,609.655,24
2021-03,morosidad,8.684583333333334,3.7350000000000003,24
2021-03,pasivos_totales,1807.5366666666669,537.715,24
2021-03,patrimonio,210.18541666666667,62.005,24
2021-03,roe,4.203333333333333,5.14,24
2021-03,solvencia_proxy,12.737083333333333,9.274999999999999,24
2021-04,activos_totales,2010.59,599.255,24
2021-04,morosidad,5.333749999999999,3.83,24
2021-04,pasivos_totales,1795.6845833333334,527.175,24
2021-04,patrimonio,210.41416666666666,62.0,24
2021-04,roe,3.7304166666666667,5.220000000000001,24
2021-04,solvencia_proxy,12.765833333333333,9.345,24
2021-05,activos_totales,2018.9641666666666,606.745,24
2021-05,morosidad,4.7804166666666665,4.34,24
2021-05,pasivos_totales,1802.5733333333335,534.73,24
2021-05,patrimonio,210.44500000000002,61.7,24
2021-05,roe,3.686666666666667,4.91,24
2021-05,solvencia_proxy,12.627916666666666,9.415,24
2021-06,activos_totales,2022.9470833333335,586.5999999999999,24
2021-06,morosidad,8.828750000000001,3.95,24
2021-06,pasivos_totales,1805.29375,514.165,24
2021-06,patrimonio,210.40083333333334,61.68,24
2021-06,roe,4.676666666666667,6.49,24
2021-06,solvencia_proxy,12.668333333333335,9.27,24
2021-07,activos_totales,2037.95375,609.13,24
2021-07,morosidad,8.332916666666666,4.05,24
2021-07,pasivos_totales,1818.8804166666666,536.235,24
2021-07,patrimonio,210.49375,61.695,24
2021-07,roe,4.684166666666666,6.09,24
2021-07,solvencia_proxy,12.372083333333334,8.84,24
2021-08,activos_totales,2048.9175,619.0,24
2021-08,morosidad,8.81125,4.1850000000000005,24
2021-08,pasivos_totales,1828.5883333333334,545.935,24
2021-08,patrimonio,210.62249999999997,61.7,24
2021-08,roe,4.17375,6.1,24
2021-08,solvencia_proxy,12.295416666666666,8.739999999999998,24
2021-09,activos_totales,2081.1316666666667,655.34,24
2021-09,morosidad,7.400416666666666,3.92,24
2021-09,pasivos_totales,1859.6604166666666,582.0250000000001,24
2021-09,patrimonio,210.50749999999996,61.685,24
2021-09,roe,7.472916666666666,6.75,24
2021-09,solvencia_proxy,12.235,8.75,24
2021-10,activos_totales,2103.65875,654.79,24
2021-10,morosidad,7.2437499999999995,3.38,24
2021-10,pasivos_totales,1880.7070833333335,581.4300000000001,24
2021-10,patrimonio,210.42999999999998,61.675,24
2021-10,roe,5.711666666666666,6.775,24
2021-10,solvencia_proxy,12.013333333333334,8.69,24
2021-11,activos_totales,2115.048333333333,637.7049999999999,24
2021-11,morosidad,7.331666666666667,3.15,24
2021-11,pasivos_totales,1890.6000000000001,564.02,24
2021-11,patrimonio,210.31208333333336,61.675,24
2021-11,roe,6.145833333333333,7.205,24
2021-12,activos_totales,2183.2766666666666,644.6400000000001,24
2021-12,morosidad,10.339583333333334,3.3449999999999998,24
2021-12,pasivos_totales,1953.9745833333334,569.66,24
2021-12,patrimonio,229.30291666666668,69.39,24
2021-12,roe,19.20916666666667,8.649999999999999,24
2021-12,solvencia_proxy,12.061250000000001,8.54,24
2022-02,activos_totales,2188.73,646.8050000000001,24
2022-02,morosidad,11.650833333333333,3.4749999999999996,24
2022-02,pasivos_totales,1957.3566666666666,570.595,24
2022-02,patrimonio,227.5354166666667,69.225,24
2022-02,roe,11.272083333333335,9.585,24
2022-03,activos_totales,2223.369166666667,673.7049999999999,24
2022-03,morosidad,10.426666666666668,3.2800000000000002,24
2022-03,pasivos_totales,1993.5295833333332,597.5899999999999,24
2022-03,patrimonio,223.7325,69.22,24
2022-03,roe,14.1575,9.504999999999999,24
2022-03,solvencia_proxy,12.4825,9.045,24
2022-04,activos_totales,2197.1370833333335,647.38,24
2022-04,morosidad,10.707500000000001,3.395,24
2022-04,pasivos_totales,1965.7420833333333,578.665,24
2022-04,patrimonio,223.43125,68.02,24
2022-04,roe,3.53125,7.54,24
2022-04,solvencia_proxy,12.434166666666668,9.185,24
2022-05,activos_totales,2198.2316666666666,660.115,24
2022-05,morosidad,10.8925,3.24,24
2022-05,pasivos_totales,1964.5141666666668,584.735,24
2022-05,patrimonio,223.3658333333333,68.015,24
2022-05,roe,7.467083333333334,8.254999999999999,24
2022-05,solvencia_proxy,12.419166666666667,9.34,24
2022-06,activos_totales,2194.9804166666668,687.0250000000001,24
2022-06,morosidad,10.144166666666667,3.285,24
2022-06,pasivos_totales,1959.8162499999999,611.77,24
2022-06,patrimonio,222.56500000000003,68.005,24
2022-06,roe,9.94625,8.315000000000001,24
2022-06,solvencia_proxy,12.362499999999999,9.345,24
2022-07,activos_totales,2218.9945833333336,683.075,24
2022-07,morosidad,10.01875,3.34,24
2022-07,pasivos_totales,1981.6762500000002,607.81,24
2022-07,patrimonio,222.44000000000003,67.995,24
2022-07,roe,6.117083333333333,7.2,24
2022-07,solvencia_proxy,12.356666666666667,9.735,24
2022-08,activos_totales,2261.88,715.36,24
2022-08,morosidad,10.584999999999999,3.4450000000000003,24
2022-08,pasivos_totales,2022.2833333333335,640.01,24
2022-08,patrimonio,222.06499999999997,67.985,24
2022-08,roe,6.38,7.42,24
2022-08,solvencia_proxy,12.267083333333332,9.74,24
2022-09,activos_totales,2274.6470833333333,701.815,24
2022-09,morosidad,9.692083333333334,3.395,24
2022-09,pasivos_totales,2032.4633333333334,627.1500000000001,24
2022-09,patrimonio,222.0375,67.985,24
2022-09,roe,6.327083333333333,7.66,24
2022-09,solvencia_proxy,12.272083333333333,9.64,24
2022-10,activos_totales,2296.0379166666667,698.085,24
2022-10,morosidad,10.349166666666667,3.46,24
2022-10,pasivos_totales,2049.8345833333333,622.69,24
2022-10,patrimonio,223.50541666666666,67.975,24
2022-10,roe,6.387083333333333,7.98,24
2022-10,solvencia_proxy,12.198749999999999,9.445,24
2022-11,activos_totales,2308.414166666667,715.175,24
2022-11,morosidad,10.77375,3.675,24
2022-11,pasivos_totales,2059.1979166666665,638.89,24
2022-11,patrimonio,224.05375,67.97999999999999,24
2022-11,roe,6.232083333333333,8.325,24
2022-11,solvencia_proxy,12.048333333333334,9.385,24
2022-12,activos_totales,2370.2312500000003,727.54,24
2022-12,morosidad,12.107083333333334,3.275,24
2022-12,pasivos_totales,2118.1895833333333,649.735,24
2022-12,patrimonio,252.04125,74.66,24
2022-12,roe,4.15125,7.125,24
2022-12,solvencia_proxy,11.643749999999999,8.985,24
2023-01,activos_totales,2379.715833333333,769.7249999999999,24
2023-01,morosidad,12.673333333333332,4.609999999999999,24
2023-01,pasivos_totales,2124.1179166666666,690.1949999999999,24
2023-01,patrimonio,253.02625,74.725,24
2023-01,roe,12.636666666666665,10.89,24
2023-01,solvencia_proxy,12.322916666666666,9.094999999999999,24
2023-02,activos_totales,2388.90625,760.495,24
2023-02,morosidad,9.04625,4.0649999999999995,24
2023-02,pasivos_totales,2134.10625,679.8,24
2023-02,patrimonio,249.875,74.185,24
2023-02,roe,12.17125,10.0,24
2023-02,solvencia_proxy,12.058333333333332,9.21,24
2023-03,activos_totales,2422.07625,767.485,24
2023-03,morosidad,8.449166666666667,4.73,24
2023-03,pasivos_totales,2167.88625,686.5,24
2023-03,patrimonio,246.3395833333333,74.185,24
2023-03,roe,11.375833333333334,12.17,24
2023-03,solvencia_proxy,11.88,9.719999999999999,24
2023-04,activos_totales,2410.1225,753.675,24
2023-04,morosidad,8.841666666666667,4.695,24
2023-04,pasivos_totales,2155.705833333333,673.21,24
2023-04,patrimonio,243.80583333333334,72.53,24
2023-04,roe,8.90125,11.29,24
2023-04,solvencia_proxy,11.79125,9.49,24
2023-05,activos_totales,2495.8,790.3,23
2023-05,morosidad,8.986956521739131,4.15,23
2023-05,pasivos_totales,2227.8904347826087,698.66,23
2023-05,patrimonio,253.68347826086958,76.7,23
2023-05,roe,14.020434782608698,12.82,23
2023-05,solvencia_proxy,12.041739130434781,9.76,23
2023-06,activos_totales,2498.580434782609,766.51,23
2023-06,morosidad,8.530434782608696,3.69,23
2023-06,pasivos_totales,2227.8634782608697,694.45,23
2023-06,patrimonio,253.53608695652173,76.7,23
2023-06,roe,14.27,12.63,23
2023-06,solvencia_proxy,12.145652173913044,10.07,23
2023-07,activos_totales,2506.48,767.31,23
2023-07,morosidad,5.768260869565217,3.99,23
2023-07,pasivos_totales,2233.0230434782607,694.31,23
2023-07,patrimonio,253.67347826086956,76.69,23
2023-07,roe,13.742608695652173,12.63,23
2023-07,solvencia_proxy,12.071739130434782,9.92,23
2023-08,activos_totales,2543.7130434782607,821.59,23
2023-08,morosidad,10.046086956521739,4.09,23
2023-08,pasivos_totales,2268.771739130435,726.81,23
2023-08,patrimonio,252.5282608695652,76.67,23
2023-08,roe,14.343043478260869,13.32,23
2023-08,solvencia_proxy,11.87086956521739,9.02,23
2023-09,activos_totales,2549.992608695652,790.7,23
2023-09,morosidad,9.764782608695652,4.03,23
2023-09,pasivos_totales,2272.43,710.55,23
2023-09,patrimonio,252.56,76.68,23
2023-09,roe,13.77,13.31,23
2023-09,solvencia_proxy,11.801304347826088,9.41,23
2023-10,activos_totales,2559.535652173913,850.02,23
2023-10,morosidad,6.653913043478262,4.09,23
2023-10,pasivos_totales,2279.693043478261,753.48,23
2023-10,patrimonio,252.4408695652174,76.69,23
2023-10,roe,12.696521739130434,13.07,23
2023-10,solvencia_proxy,11.811739130434784,8.98,23
2023-11,activos_totales,2588.596956521739,811.44,23
2023-11,morosidad,6.643478260869564,4.02,23
2023-11,pasivos_totales,2300.7139130434784,713.83,23
2023-11,patrimonio,258.2278260869565,76.68,23
2023-11,roe,10.493478260869566,12.55,23
2023-11,solvencia_proxy,11.775652173913043,9.45,23
2023-12,activos_totales,2638.222608695652,818.57,23
2023-12,morosidad,8.785217391304348,3.7,23
2023-12,pasivos_totales,2346.8534782608695,741.14,23
2023-12,patrimonio,291.3691304347826,82.94,23
2023-12,roe,8.70608695652174,12.15,23
2023-12,solvencia_proxy,11.548260869565217,9.4,23
2024-01,activos_totales,2603.3552173913044,791.01,23
2024-01,morosidad,5.276521739130435,3.83,23
2024-01,pasivos_totales,2309.454347826087,713.04,23
2024-01,patrimonio,291.6804347826087,82.95,23
2024-01,roe,7.2986956521739135,8.58,23
2024-01,solvencia_proxy,12.683913043478261,10.13,23
2024-02,activos_totales,2624.211304347826,802.66,23
2024-02,morosidad,5.587826086956523,3.98,23
2024-02,pasivos_totales,2335.62,724.07,23
2024-02,patrimonio,284.37695652173915,82.95,23
2024-02,roe,6.642608695652175,6.88,23
2024-02,solvencia_proxy,12.407391304347826,9.88,23
2024-03,activos_totales,2653.165652173913,812.09,23
2024-03,morosidad,5.840869565217392,3.96,23
2024-03,pasivos_totales,2366.8834782608697,733.12,23
2024-03,patrimonio,279.9008695652174,82.11,23
2024-03,roe,10.728695652173913,6.96,23
2024-03,solvencia_proxy,12.006086956521738,9.59,23
2024-04,activos_totales,2664.52,827.03,23
2024-04,morosidad,5.598260869565217,4.18,23
2024-04,pasivos_totales,2375.8821739130435,747.28,23
2024-04,patrimonio,280.0873913043478,82.11,23
2024-04,roe,-0.3478260869565221,6.3,23
2024-04,solvencia_proxy,12.404782608695653,10.67,23
2024-05,activos_totales,2696.655652173913,828.06,23
2024-05,morosidad,5.94086956521739,4.25,23
2024-05,pasivos_totales,2405.931304347826,751.08,23
2024-05,patrimonio,280.02521739130435,82.11,23
2024-05,roe,10.598260869565218,7.7,23
2024-05,solvencia_proxy,12.10608695652174,9.45,23
2024-06,activos_totales,2745.3134782608695,825.52,23
2024-06,morosidad,5.456956521739131,3.83,23
2024-06,pasivos_totales,2451.984347826087,748.28,23
2024-06,patrimonio,280.4891304347826,82.11,23
2024-06,roe,3.6856521739130432,6.56,23
2024-06,solvencia_proxy,12.128695652173912,9.37,23
2024-07,activos_totales,2771.2478260869566,835.8,23
2024-07,morosidad,5.421739130434783,4.42,23
2024-07,pasivos_totales,2475.41347826087,758.08,23
2024-07,patrimonio,280.64130434782606,82.11,23
2024-07,roe,3.9482608695652175,6.3,23
2024-07,solvencia_proxy,11.801739130434783,9.25,23
2024-08,activos_totales,2821.9560869565216,867.74,23
2024-08,morosidad,5.594347826086956,4.27,23
2024-08,pasivos_totales,2523.3291304347827,786.36,23
2024-08,patrimonio,280.64608695652174,82.12,23
2024-08,roe,8.477391304347826,6.8,23
2024-08,solvencia_proxy,11.767826086956523,9.34,23
2024-09,activos_totales,2851.5004347826084,856.8,23
2024-09,morosidad,5.602173913043478,4.01,23
2024-09,pasivos_totales,2550.2747826086957,758.45,23
2024-09,patrimonio,280.6352173913043,82.12,23
2024-09,roe,10.259130434782609,7.82,23
2024-09,solvencia_proxy,11.796086956521739,9.39,23
2024-10,activos_totales,2891.865217391304,861.95,23
2024-10,morosidad,5.7730434782608695,4.02,23
2024-10,pasivos_totales,2588.504347826087,738.53,23
2024-10,patrimonio,280.23391304347825,82.12,23
2024-10,roe,10.455217391304348,8.04,23
2024-10,solvencia_proxy,11.426521739130434,9.04,23
2024-11,activos_totales,2923.222608695652,871.7,23
2024-11,morosidad,5.6121739130434785,4.02,23
2024-11,pasivos_totales,2617.6530434782608,725.89,23
2024-11,patrimonio,280.00739130434783,82.12,23
2024-11,roe,9.496956521739131,8.22,23
2024-11,solvencia_proxy,11.367826086956521,9.33,23
2024-12,activos_totales,2993.47652173913,857.3,23
2024-12,morosidad,7.939130434782609,3.55,23
2024-12,pasivos_totales,2683.830869565217,711.39,23
2024-12,patrimonio,309.64521739130436,86.27,23
2024-12,roe,8.275652173913043,7.19,23
2024-12,solvencia_proxy,11.03608695652174,9.16,23
2025-01,activos_totales,3009.184347826087,849.46,23
2025-01,morosidad,7.727826086956522,3.44,23
2025-01,pasivos_totales,2695.858695652174,703.49,23
2025-01,patrimonio,310.32652173913044,86.27,23
2025-01,roe,12.710869565217392,11.66,23
2025-01,solvencia_proxy,11.794782608695652,10.02,23
2025-02,activos_totales,3051.0391304347822,830.11,23
2025-02,morosidad,7.606521739130434,3.55,23
2025-02,pasivos_totales,2746.1317391304347,721.6,23
2025-02,patrimonio,299.0969565217392,86.26,23
2025-02,roe,8.910869565217391,10.65,23
2025-02,solvencia_proxy,11.526521739130436,9.13,23
2025-03,activos_totales,3073.003043478261,814.11,23
2025-03,morosidad,8.943478260869567,3.62,23
2025-03,pasivos_totales,2766.8460869565215,707.07,23
2025-03,patrimonio,297.33608695652174,85.52,23
2025-03,roe,10.858260869565218,11.27,23
2025-03,solvencia_proxy,11.327391304347826,8.99,23
2025-04,activos_totales,3077.111304347826,810.75,23
2025-04,morosidad,4.764782608695652,3.43,23
2025-04,pasivos_totales,2764.95,702.66,23
2025-04,patrimonio,300.18695652173915,85.52,23
2025-04,roe,13.212608695652174,11.22,23
2025-04,solvencia_proxy,10.835217391304349,9.21,23
2025-05,activos_totales,3108.796086956522,794.71,23
2025-05,morosidad,4.470434782608695,3.65,23
2025-05,pasivos_totales,2793.0578260869565,687.24,23
2025-05,patrimonio,300.6526086956522,85.52,23
2025-05,roe,13.185652173913043,11.19,23
2025-05,solvencia_proxy,11.227826086956522,9.07,23
2025-06,activos_totales,3157.378695652174,783.73,23
2025-06,morosidad,4.246086956521739,3.25,23
2025-06,pasivos_totales,2838.7473913043477,683.82,23
2025-06,patrimonio,300.4860869565218,85.52,23
2025-06,roe,12.117826086956521,11.29,23
2025-06,solvencia_proxy,11.089565217391305,8.96,23
2025-07,activos_totales,3153.422173913043,786.77,23
2025-07,morosidad,8.333478260869565,3.63,23
2025-07,pasivos_totales,2831.655217391304,678.72,23
2025-07,patrimonio,300.2773913043478,85.53,23
2025-07,roe,11.42695652173913,10.8,23
2025-07,solvencia_proxy,11.16304347826087,9.07,23
2025-08,activos_totales,3186.1847826086955,782.1,23
2025-08,morosidad,4.141739130434783,3.56,23
2025-08,pasivos_totales,2860.87,671.99,23
2025-08,patrimonio,300.5173913043478,85.52,23
2025-08,roe,14.43695652173913,12.14,23
2025-08,solvencia_proxy,11.033913043478261,9.02,23
2025-09,activos_totales,3206.884347826087,775.99,23
2025-09,morosidad,3.9165217391304346,3.34,23
2025-09,pasivos_totales,2877.8882608695653,672.3,23
2025-09,patrimonio,300.5221739130435,85.51,23
2025-09,roe,13.737391304347828,12.38,23
2025-09,solvencia_proxy,11.053478260869564,9.09,23
2025-10,activos_totales,3240.012608695652,770.25,23
2025-10,morosidad,4.03695652173913,3.42,23
2025-10,pasivos_totales,2907.35652173913,685.11,23
2025-10,patrimonio,300.47913043478263,85.51,23
2025-10,roe,13.462608695652174,12.54,23
2025-10,solvencia_proxy,11.04304347826087,8.91,23
2025-11,activos_totales,3290.6869565217394,763.13,23
2025-11,morosidad,4.104347826086957,3.6,23
2025-11,pasivos_totales,2954.451739130435,663.22,23
2025-11,patrimonio,300.61608695652177,85.51,23
2025-11,roe,5.202173913043478,9.87,23
2025-11,solvencia_proxy,10.927391304347825,8.86,23
2025-12,activos_totales,3332.7647826086954,804.85,23
2025-12,morosidad,3.3791304347826085,2.77,23
2025-12,pasivos_totales,2990.811304347826,690.84,23
2025-12,patrimonio,341.9539130434782,92.86,23
2025-12,roe,5.654782608695652,12.19,23
2025-12,solvencia_proxy,10.764347826086958,8.98,23
2026-01,activos_totales,3348.6739130434785,783.2,23
2026-01,morosidad,3.709565217391304,3.39,23
2026-01,pasivos_totales,3002.926086956522,668.01,23
2026-01,patrimonio,342.08478260869566,92.87,23
2026-01,roe,14.551739130434783,11.19,23
2026-01,solvencia_proxy,11.59913043478261,9.74,23
2026-02,activos_totales,3405.3130434782606,875.36,23
2026-02,morosidad,3.986521739130435,3.58,23
2026-02,pasivos_totales,3062.641304347826,755.37,23
2026-02,patrimonio,335.4665217391304,92.87,23
2026-02,roe,16.90695652173913,11.69,23
2026-02,solvencia_proxy,11.445217391304348,9.3,23
2026-03,activos_totales,3450.8517391304345,885.9,23
2026-03,morosidad,3.657391304347826,3.11,23
2026-03,pasivos_totales,3106.7452173913043,764.94,23
2026-03,patrimonio,332.7621739130435,91.54,23
2026-03,roe,14.695652173913043,11.34,23
2026-03,solvencia_proxy,11.315217391304348,9.27,23
