anio,banco_estandarizado,meses_con_dato,activos_totales,patrimonio,roe,morosidad,solvencia_proxy,cluster,pca_1,pca_2,perfil_cluster
2009,AMAZONAS,12,120.4925,11.405833333333334,8.99,3.8541666666666665,7.836666666666666,2,-0.4752938083216626,-0.48074195521120244,Mayor riesgo relativo
2009,AUSTRO,12,647.9608333333333,57.1025,20.646666666666665,7.669999999999999,7.409166666666667,2,-0.22353530134586347,-0.7935979090142071,Mayor riesgo relativo
2009,BOLIVARIANO,12,1271.9758333333332,109.27333333333333,13.958333333333334,1.5591666666666668,7.4875,2,0.07131780401024197,-0.7186808778141472,Mayor riesgo relativo
2009,CAPITAL,12,62.26416666666666,11.842500000000001,10.010833333333332,10.998333333333333,16.355,2,-0.9161578117119791,0.1231988770375625,Mayor riesgo relativo
2009,CITIBANK,12,302.59666666666664,29.135833333333334,13.299999999999999,16.33583333333333,8.315,2,-0.5386880609019024,-0.0057094946252670194,Mayor riesgo relativo
2009,COFIEC,12,12.694166666666666,8.4225,16.88416666666667,13.3575,49.34,1,-2.285804732560948,1.0286947644547186,Pequeños con mayor solvencia proxy
2009,COMERCIAL DE MANABI,12,31.00583333333333,6.552499999999999,9.37,6.274166666666667,15.3975,2,-0.843768785467966,-0.12682596504439844,Mayor riesgo relativo
2009,DELBANK,12,16.391666666666666,7.345833333333334,20.74666666666667,4.370833333333334,34.221666666666664,1,-1.5421753404111291,-0.12887540144377915,Pequeños con mayor solvencia proxy
2009,FINCA,12,37.07333333333333,10.245,4.708333333333333,12.186666666666667,24.007499999999997,1,-1.2795723098730563,0.692629383080827,Pequeños con mayor solvencia proxy
2009,GENERAL RUMIÑAHUI,12,340.7608333333333,21.7225,18.901666666666667,4.043333333333334,5.357500000000001,2,-0.2548115161532403,-1.0064719357211724,Mayor riesgo relativo
2009,GUAYAQUIL,12,2249.9666666666667,168.25,20.305,2.575833333333333,6.286666666666666,2,0.4933325365274992,-0.9147109360463453,Mayor riesgo relativo
2009,INTERNACIONAL,12,1253.3233333333333,117.12833333333333,11.4625,2.6483333333333334,8.06,2,0.036736756363095084,-0.5209805659462379,Mayor riesgo relativo
2009,LITORAL,12,21.210833333333333,3.545833333333333,7.093333333333334,5.224166666666666,12.7275,2,-0.7417475752041384,-0.16540712499179397,Mayor riesgo relativo
2009,LLOYDS BANK,12,188.28333333333333,22.879166666666666,7.741666666666667,8.309166666666666,11.074166666666665,2,-0.6251096377590984,-0.07173096724688925,Mayor riesgo relativo
2009,LOJA,12,206.20749999999998,19.144166666666667,18.234166666666667,3.4966666666666666,7.605,2,-0.38013314829229755,-0.9363577791070317,Mayor riesgo relativo
2009,MACHALA,12,346.24333333333334,32.167500000000004,6.825,3.499166666666667,7.680833333333333,2,-0.3771960406501837,-0.375355816828906,Mayor riesgo relativo
2009,MM JARAMILLO ARTEAGA,3,460.6333333333334,33.19,8.036666666666667,2.32,6.640000000000001,2,-0.28677976590874815,-0.5214204154854191,Mayor riesgo relativo
2009,PACIFICO,12,1743.4358333333332,268.54166666666663,13.6,3.7575000000000003,13.509166666666667,2,0.26514718728587217,-0.2591728757683407,Mayor riesgo relativo
2009,PICHINCHA,12,4454.495833333333,455.40166666666664,12.363333333333335,3.3616666666666664,8.815,0,1.491146293666412,-0.10507795765346514,Bancos grandes o consolidados
2009,PROCREDIT,12,303.62916666666666,36.544999999999995,11.736666666666666,3.0741666666666667,10.713333333333333,2,-0.4728218404072895,-0.5278111273455224,Mayor riesgo relativo
2009,PRODUBANCO,12,1564.6925,151.66,10.12,8.668333333333333,8.709166666666667,2,0.08183820303805427,-0.08603199664385726,Mayor riesgo relativo
2009,PROMERICA,8,489.39625,33.44875,6.6875,2.84375,6.16875,2,-0.27298259253006346,-0.444469943200866,Mayor riesgo relativo
2009,SOLIDARIO,12,294.87833333333333,37.487500000000004,10.470833333333333,8.236666666666666,9.635833333333332,2,-0.49473711180874824,-0.23851692058304322,Mayor riesgo relativo
2009,SUDAMERICANO,12,8.455,5.943333333333334,28.581666666666667,9.866666666666667,46.41416666666667,1,-2.0749068335785075,0.19264514795335017,Pequeños con mayor solvencia proxy
2009,TERRITORIAL,12,121.97833333333334,7.699999999999999,44.04583333333333,9.289166666666667,4.770833333333333,2,-0.2517517808492477,-1.9726087234530572,Mayor riesgo relativo
2009,UNIBANCO,12,252.84916666666666,48.71666666666667,8.67,8.4325,16.342499999999998,2,-0.7653190497528437,0.08840498334464023,Mayor riesgo relativo
2010,AMAZONAS,12,125.41083333333334,12.024166666666666,9.518333333333333,4.261666666666667,8.034166666666666,2,-0.4831133775421826,-0.47753312193161424,Mayor riesgo relativo
2010,AUSTRO,12,783.7658333333334,64.915,16.610833333333336,6.123333333333334,7.001666666666666,2,-0.15989430267396784,-0.682393104521585,Mayor riesgo relativo
2010,BOLIVARIANO,12,1477.6558333333332,122.99333333333334,13.610833333333332,14.679166666666665,7.183333333333334,2,0.006330204014076819,-0.017083002277290343,Mayor riesgo relativo
2010,CAPITAL,12,79.58,13.170833333333334,7.055833333333333,5.73,14.985833333333334,2,-0.8056598854033203,-0.0518628753091469,Mayor riesgo relativo
2010,CITIBANK,12,353.06916666666666,31.266666666666666,5.310833333333334,3.888333333333333,7.734166666666667,2,-0.3917592228439435,-0.2817484575677509,Mayor riesgo relativo
2010,COFIEC,12,20.31833333333333,8.479999999999999,15.668333333333331,3.3525000000000005,33.020833333333336,1,-1.5019295898335456,0.020331003541331008,Pequeños con mayor solvencia proxy
2010,COMERCIAL DE MANABI,12,32.5925,6.8675,13.475000000000001,7.006666666666667,14.637500000000001,2,-0.8002015598711097,-0.30960053591844205,Mayor riesgo relativo
2010,DELBANK,12,17.0025,7.411666666666666,36.98166666666667,7.348333333333333,35.982499999999995,1,-1.5707697742656705,-0.6874235260422348,Pequeños con mayor solvencia proxy
2010,FINCA,12,30.949166666666667,11.0625,13.684166666666668,8.294166666666667,30.7075,1,-1.4658256162060297,0.29274193375128804,Pequeños con mayor solvencia proxy
2010,GENERAL RUMIÑAHUI,12,390.50666666666666,24.064999999999998,19.76,3.23,5.004166666666666,2,-0.2101398193232591,-1.096669390739222,Mayor riesgo relativo
2010,GUAYAQUIL,12,2489.3375,193.52999999999997,20.800833333333333,2.6791666666666667,6.2525,2,0.6072628046664906,-0.904471368182041,Mayor riesgo relativo
2010,INTERNACIONAL,12,1442.5349999999999,127.53333333333335,14.478333333333333,1.5266666666666666,7.563333333333333,2,0.15098456329627308,-0.7212231454520958,Mayor riesgo relativo
2010,LITORAL,12,23.401666666666667,3.6199999999999997,5.1000000000000005,5.796666666666667,11.758333333333333,2,-0.7175363732470549,-0.07386371332357541,Mayor riesgo relativo
2010,LLOYDS BANK,12,133.59,23.230833333333337,-2.123333333333333,47.965,25.8025,3,-1.752981827377316,2.9318656266390897,Mayor riesgo relativo
2010,LOJA,12,246.95666666666668,21.611666666666665,13.026666666666666,2.9166666666666665,6.8758333333333335,2,-0.3537224587377588,-0.7395274721788169,Mayor riesgo relativo
2010,MACHALA,12,406.41083333333336,33.955,9.088333333333333,4.045,6.8975,2,-0.32286890990896766,-0.47666939578798084,Mayor riesgo relativo
2010,PACIFICO,12,2181.9249999999997,301.41083333333336,9.37,2.8441666666666667,11.6075,2,0.5069330215801798,-0.12348233900020994,Mayor riesgo relativo
2010,PICHINCHA,12,5214.0025,499.22749999999996,13.284999999999998,3.1566666666666667,8.445,0,1.7835376750299556,-0.10027380488833008,Bancos grandes o consolidados
2010,PROCREDIT,12,315.60166666666663,41.699999999999996,10.370833333333334,2.9416666666666664,11.951666666666668,2,-0.5143437840249115,-0.42397183242567305,Mayor riesgo relativo
2010,PRODUBANCO,12,1878.4608333333333,164.39666666666668,11.423333333333332,44.14416666666667,7.7058333333333335,3,-0.18555222336868604,1.669121910218469,Mayor riesgo relativo
2010,PROMERICA,12,559.3133333333334,35.895,8.860833333333334,2.1075,5.91,2,-0.22199514494596462,-0.5887289667264314,Mayor riesgo relativo
2010,SOLIDARIO,12,302.5441666666666,38.27166666666667,4.809166666666667,4.953333333333333,9.538333333333332,2,-0.4761753707598263,-0.14077203647363948,Mayor riesgo relativo
2010,SUDAMERICANO,12,8.908333333333333,5.572500000000001,15.535833333333334,3.578333333333333,43.409166666666664,1,-1.9415557824026493,0.3871705028744912,Pequeños con mayor solvencia proxy
2010,TERRITORIAL,12,116.22416666666668,8.779166666666667,11.229166666666666,24.949166666666667,5.353333333333333,2,-0.615727696500017,0.41203827849096475,Mayor riesgo relativo
2010,UNIBANCO,12,288.49083333333334,53.185,6.320833333333333,6.308333333333334,16.55666666666667,2,-0.7424604847564142,0.10284824079063051,Mayor riesgo relativo
2011,AMAZONAS,12,134.34666666666666,14.774166666666668,11.379166666666668,4.7316666666666665,9.6775,2,-0.5389274502687963,-0.48396382550753864,Mayor riesgo relativo
2011,AUSTRO,12,955.3408333333333,78.20666666666666,21.1825,4.844166666666667,7.3425,2,-0.06811825811316988,-0.935588448201392,Mayor riesgo relativo
2011,BOLIVARIANO,12,1720.9375,139.20749999999998,17.553333333333335,74.87083333333334,7.177499999999999,3,-0.5859335661746021,2.9156854612023966,Mayor riesgo relativo
2011,CAPITAL,12,102.83833333333332,14.146666666666667,4.305833333333333,4.1225,12.3675,2,-0.6850388585534691,-0.09048831004802657,Mayor riesgo relativo
2011,CITIBANK,12,431.58666666666664,33.905,18.2525,1.97,7.3566666666666665,2,-0.26777785557371586,-1.0018108495023448,Mayor riesgo relativo
2011,COFIEC,12,33.49916666666667,8.976666666666667,21.354166666666668,8.228333333333333,20.37,1,-1.0071753811980995,-0.42585282468361935,Pequeños con mayor solvencia proxy
2011,COMERCIAL DE MANABI,12,37.90083333333333,7.072499999999999,56.659166666666664,6.478333333333333,13.151666666666666,1,-0.5229977058752381,-2.4383010472781987,Pequeños con mayor solvencia proxy
2011,COOPNACIONAL,4,142.0725,17.32,8.805,33.5175,11.8675,2,-0.9700916029990566,1.1950471931252409,Mayor riesgo relativo
2011,D-MIRO,5,40.616,9.368,7.134,2.3760000000000003,17.28,2,-0.8778530728662313,-0.15512250659960047,Mayor riesgo relativo
2011,DELBANK,12,18.7575,7.439166666666666,4.0125,5.1866666666666665,33.0625,1,-1.5840059499669628,0.6691249045552907,Pequeños con mayor solvencia proxy
2011,FINCA,12,37.63583333333333,10.645833333333334,8.208333333333334,5.68,25.325833333333332,1,-1.2398594011205455,0.23654167403121426,Pequeños con mayor solvencia proxy
2011,GENERAL RUMIÑAHUI,12,430.5541666666666,26.514166666666668,25.514166666666668,2.4175,5.571666666666666,2,-0.18166249509317814,-1.388785461400145,Mayor riesgo relativo
2011,GUAYAQUIL,12,2906.9041666666667,227.7458333333333,24.184166666666666,2.2399999999999998,6.7250000000000005,2,0.780979627798911,-1.026201463697506,Mayor riesgo relativo
2011,INTERNACIONAL,12,1651.5625,140.885,17.99416666666667,1.545,7.4875,2,0.24818724249698906,-0.8693709415499989,Mayor riesgo relativo
2011,LITORAL,12,22.39,3.7416666666666667,4.636666666666667,5.149166666666667,13.328333333333333,2,-0.7767149200337428,-0.032033867515778004,Mayor riesgo relativo
2011,LLOYDS BANK,7,17.117142857142856,15.429999999999998,-5.331428571428572,100.0,70.03571428571429,3,-4.239011106881282,7.245277990716116,Mayor riesgo relativo
2011,LOJA,12,297.6225,24.083333333333332,21.16,2.07,6.985833333333333,2,-0.2921250905462752,-1.1612729721064912,Mayor riesgo relativo
2011,MACHALA,12,480.2966666666667,36.795833333333334,12.081666666666665,2.6916666666666664,6.816666666666666,2,-0.26624448767689807,-0.6851326977717345,Mayor riesgo relativo
2011,PACIFICO,12,2651.3775,334.96,14.474166666666667,1.9933333333333334,10.965833333333334,2,0.7496956644687993,-0.3831886688277526,Mayor riesgo relativo
2011,PICHINCHA,12,6283.545833333334,566.135,22.089166666666667,3.0216666666666665,8.275833333333333,0,2.2270585655718635,-0.42713493240584494,Bancos grandes o consolidados
2011,PROCREDIT,12,352.52,43.330000000000005,16.77416666666667,2.148333333333333,11.401666666666666,2,-0.439578000257267,-0.7844322261936997,Mayor riesgo relativo
2011,PRODUBANCO,12,2064.2858333333334,181.35583333333332,15.824166666666665,1.3483333333333334,7.954999999999999,2,0.40566438589449844,-0.7113917182416523,Mayor riesgo relativo
2011,PROMERICA,12,610.2225,41.44416666666667,13.470833333333333,1.8116666666666668,6.334166666666667,2,-0.18967361468390398,-0.8022120192757154,Mayor riesgo relativo
2011,SOLIDARIO,12,321.70916666666665,41.38583333333333,13.936666666666667,6.349166666666666,10.221666666666666,2,-0.4651563289478461,-0.47647204385421665,Mayor riesgo relativo
2011,SUDAMERICANO,12,9.66,5.603333333333333,12.289166666666667,4.7225,41.77166666666667,1,-1.9030071170128604,0.5449465290186419,Pequeños con mayor solvencia proxy
2011,TERRITORIAL,12,126.99583333333334,12.778333333333334,29.334999999999997,18.665,7.640833333333333,2,-0.5375279140301862,-0.6909399120215378,Mayor riesgo relativo
2011,UNIBANCO,12,348.9875,58.876666666666665,15.041666666666666,6.767499999999999,15.404166666666667,2,-0.6318233769105743,-0.3197885842650279,Mayor riesgo relativo
2012,AMAZONAS,12,145.9125,15.791666666666666,11.805,5.117500000000001,9.9575,2,-0.5479790173685994,-0.473572282243354,Mayor riesgo relativo
2012,AUSTRO,12,1114.7758333333334,98.21666666666665,16.355,5.34,8.13,2,-0.04818434463201663,-0.6323983545277095,Mayor riesgo relativo
2012,BOLIVARIANO,12,2018.7158333333334,158.63083333333333,17.11916666666667,75.78166666666667,7.324166666666667,3,-0.4935993432400591,3.0175943710392565,Mayor riesgo relativo
2012,CAPITAL,12,135.8725,15.133333333333333,22.9225,5.301666666666667,9.839166666666666,2,-0.4953982762419905,-0.9972969889582262,Mayor riesgo relativo
2012,CITIBANK,12,520.9983333333333,39.69166666666667,21.930833333333336,16.200833333333332,7.729166666666667,2,-0.3983231214894605,-0.4231800946263306,Mayor riesgo relativo
2012,COFIEC,12,37.972500000000004,9.063333333333333,-5.164166666666666,12.669166666666667,14.9925,2,-0.964624330686476,0.8808859869120002,Mayor riesgo relativo
2012,COMERCIAL DE MANABI,12,41.392500000000005,7.230833333333333,35.91,7.929166666666666,13.1625,1,-0.6393186560520295,-1.3772023636215873,Pequeños con mayor solvencia proxy
2012,COOPNACIONAL,12,152.9175,18.9025,15.928333333333335,50.446666666666665,12.518333333333333,3,-1.1541986135260787,1.7509992671947983,Mayor riesgo relativo
2012,D-MIRO,12,50.9575,10.655000000000001,2.9766666666666666,3.705833333333333,19.648333333333333,2,-1.0055670452742693,0.19230534297454732,Mayor riesgo relativo
2012,DELBANK,12,19.648333333333333,7.5425,27.993333333333336,4.3475,31.576666666666668,1,-1.397012311788274,-0.5635242895342217,Pequeños con mayor solvencia proxy
2012,FINCA,12,48.45916666666667,10.76,8.135,7.446666666666666,19.599166666666665,2,-1.0226829540483917,0.13789589256881385,Mayor riesgo relativo
2012,GENERAL RUMIÑAHUI,12,503.03583333333336,32.18,20.886666666666667,2.1149999999999998,6.203333333333333,2,-0.1972409383500521,-1.1553724873624691,Mayor riesgo relativo
2012,GUAYAQUIL,12,3240.2858333333334,300.65833333333336,15.5525,2.7308333333333334,8.41,2,0.9053429935347869,-0.46939023428995275,Mayor riesgo relativo
2012,INTERNACIONAL,12,1846.7266666666667,165.12833333333333,18.516666666666666,1.6475,8.273333333333333,2,0.31625467513663363,-0.8359433732437632,Mayor riesgo relativo
2012,LITORAL,12,24.7,3.8833333333333333,4.9624999999999995,5.253333333333333,12.816666666666668,2,-0.7544794534631207,-0.059240746789688395,Mayor riesgo relativo
2012,LOJA,12,347.80916666666667,30.469166666666666,20.96166666666667,2.8025,8.425,2,-0.3349968186121412,-1.0586115698650393,Mayor riesgo relativo
2012,MACHALA,12,567.7491666666666,43.517500000000005,9.755833333333333,2.3733333333333335,7.081666666666667,2,-0.24969366121416656,-0.5727597996495785,Mayor riesgo relativo
2012,PACIFICO,12,3119.8375,383.26500000000004,15.418333333333331,1.6216666666666668,11.207500000000001,2,0.9638879398457545,-0.381706079674127,Mayor riesgo relativo
2012,PICHINCHA,12,7494.275833333333,702.6233333333333,13.351666666666667,3.6341666666666668,8.735833333333334,0,2.7416626102370376,0.1902637149026721,Bancos grandes o consolidados
2012,PROCREDIT,12,423.72,47.744166666666665,14.280833333333334,1.8816666666666666,10.209166666666667,2,-0.3734140966614086,-0.7131201359059883,Mayor riesgo relativo
2012,PRODUBANCO,12,2377.84,208.65083333333334,16.19333333333333,1.79,8.061666666666666,2,0.5304812236912808,-0.6673633864195243,Mayor riesgo relativo
2012,PROMERICA,12,687.1366666666667,50.08083333333334,12.053333333333333,2.3433333333333333,6.926666666666667,2,-0.19013668539001966,-0.6776385801889265,Mayor riesgo relativo
2012,SOLIDARIO,12,374.21250000000003,46.281666666666666,19.31416666666667,6.670833333333333,11.351666666666667,2,-0.46650076697255366,-0.6710911836733632,Mayor riesgo relativo
2012,SUDAMERICANO,12,10.535,5.727499999999999,11.001666666666665,1.835,40.18833333333333,1,-1.8099041548454176,0.4041676500448906,Pequeños con mayor solvencia proxy
2012,TERRITORIAL,12,138.5875,16.355833333333333,37.595,20.735833333333332,8.397499999999999,2,-0.5422359937074025,-0.9483855972099532,Mayor riesgo relativo
2012,UNIBANCO,12,397.26416666666665,66.22583333333334,9.334999999999999,8.241666666666667,15.814166666666667,2,-0.6658390341614469,0.0483933275679218,Mayor riesgo relativo
2013,AMAZONAS,12,139.94916666666668,16.4925,25.08,6.069166666666667,10.665833333333333,2,-0.523936459071198,-1.0312860447065157,Mayor riesgo relativo
2013,AUSTRO,12,1253.0558333333333,112.53583333333334,10.012500000000001,5.495,8.0,2,-0.01156845513444106,-0.3105412641990618,Mayor riesgo relativo
2013,BOLIVARIANO,12,2295.5316666666668,179.13,12.420833333333334,69.93333333333334,7.1225,3,-0.33080905096322494,2.962081436013833,Mayor riesgo relativo
2013,CAPITAL,12,145.8625,16.75166666666667,7.62,5.993333333333333,10.076666666666666,2,-0.5811165364996522,-0.22507306378709988,Mayor riesgo relativo
2013,CITIBANK,12,552.3466666666667,46.51416666666666,17.400833333333335,21.889166666666668,8.102500000000001,2,-0.479379138068794,0.10329493315128886,Mayor riesgo relativo
2013,COFIEC,12,25.645833333333332,6.609999999999999,-5.8325,31.635,12.808333333333332,2,-1.107926058339133,1.8120404718968153,Mayor riesgo relativo
2013,COMERCIAL DE MANABI,12,44.254999999999995,7.48,6.0075,8.118333333333334,12.763333333333334,2,-0.7681244711398837,0.04003264334846238,Mayor riesgo relativo
2013,COOPNACIONAL,12,161.77666666666667,20.618333333333336,8.848333333333334,62.955000000000005,12.4325,3,-1.3250211328980686,2.729419659301664,Mayor riesgo relativo
2013,D-MIRO,12,58.6,10.919166666666667,7.025833333333334,5.654166666666666,18.150833333333335,2,-0.9449020986915547,0.05009928174591915,Mayor riesgo relativo
2013,DELBANK,12,20.016666666666666,7.549166666666667,35.30416666666667,4.089166666666666,31.38416666666667,1,-1.3507212939838862,-0.9306393690012758,Pequeños con mayor solvencia proxy
2013,FINCA,12,49.23583333333334,11.200833333333334,-25.059166666666666,9.715,16.695,2,-1.0886775811505316,1.73372558355766,Mayor riesgo relativo
2013,GENERAL RUMIÑAHUI,12,554.2425,35.31583333333334,13.85,2.5283333333333333,6.105,2,-0.2133242928281755,-0.7981802028376649,Mayor riesgo relativo
2013,GUAYAQUIL,12,3359.58,324.1166666666667,10.809166666666668,2.939166666666667,8.733333333333333,2,0.9469795992281634,-0.20092766984733199,Mayor riesgo relativo
2013,INTERNACIONAL,12,2192.4241666666667,185.0275,13.108333333333334,1.7558333333333334,7.5625,2,0.44106997111496604,-0.5648786889001499,Mayor riesgo relativo
2013,LITORAL,12,25.8475,4.031666666666667,8.597499999999998,8.695833333333333,12.555833333333334,2,-0.7658371953506647,-0.06353915475372417,Mayor riesgo relativo
2013,LOJA,12,384.36083333333335,34.074999999999996,17.89,3.7724999999999995,8.227500000000001,2,-0.33659880161644823,-0.8650938648889924,Mayor riesgo relativo
2013,MACHALA,12,618.4775000000001,45.57750000000001,5.365833333333334,2.670833333333333,6.685833333333334,2,-0.2419857618603028,-0.35802319542687666,Mayor riesgo relativo
2013,PACIFICO,12,3436.345,423.56333333333333,9.168333333333333,1.4291666666666665,10.485833333333334,2,1.1285515120766882,-0.0756608460581942,Mayor riesgo relativo
2013,PICHINCHA,12,8348.564166666667,747.7033333333334,6.748333333333334,3.999166666666667,7.989166666666667,0,3.0307197342908805,0.5755110243543162,Bancos grandes o consolidados
2013,PROCREDIT,12,462.7941666666666,50.11833333333333,13.15,2.2583333333333333,9.630833333333333,2,-0.34530679604971193,-0.6558220625774097,Mayor riesgo relativo
2013,PRODUBANCO,12,2727.9283333333333,239.005,9.146666666666667,1.7983333333333331,7.930833333333333,2,0.6495305795403742,-0.29729489634285317,Mayor riesgo relativo
2013,PROMERICA,12,761.3041666666667,55.428333333333335,6.824166666666667,2.2441666666666666,6.8308333333333335,2,-0.1814250139129556,-0.4298860905888494,Mayor riesgo relativo
2013,SOLIDARIO,12,646.215,92.30083333333334,9.0925,8.690833333333332,12.369166666666667,2,-0.4152961129521918,-0.0028200680110391785,Mayor riesgo relativo
2013,SUDAMERICANO,12,12.020833333333334,6.6866666666666665,6.670833333333333,2.4408333333333334,39.34083333333333,1,-1.8004998411251152,0.6130999758026776,Pequeños con mayor solvencia proxy
2013,TERRITORIAL,12,188.60500000000002,16.79,2.0054545454545454,3.6950000000000003,6.3,2,-0.4163766176252989,-0.2017468796101943,Mayor riesgo relativo
2013,UNIBANCO,12,401.45666666666665,73.46999999999998,0.4981818181818182,2.4833333333333334,16.72,2,-0.6609923489930333,0.2073967774364762,Mayor riesgo relativo
2014,AMAZONAS,12,137.64416666666668,18.394166666666667,11.265,5.0616666666666665,11.793333333333335,2,-0.6213427421239218,-0.3875761458603254,Mayor riesgo relativo
2014,AUSTRO,12,1438.0349999999999,124.83416666666666,10.776666666666666,5.2225,7.7558333333333325,2,0.07488411713217868,-0.35067189531980636,Mayor riesgo relativo
2014,BOLIVARIANO,12,2591.8425,197.46833333333333,13.064166666666667,81.145,7.054166666666667,3,-0.34755930622320785,3.534599478090028,Mayor riesgo relativo
2014,CAPITAL,12,148.97333333333333,17.199166666666667,17.225,6.7425,9.883333333333335,2,-0.5338743285964594,-0.6489597306637318,Mayor riesgo relativo
2014,CITIBANK,12,577.84,52.574999999999996,10.6625,0.1625,8.5025,2,-0.25501024805171296,-0.6753250470272175,Mayor riesgo relativo
2014,COFIEC,12,30.686666666666667,5.645833333333333,6.520833333333333,37.623333333333335,12.676666666666668,3,-1.1139453678495626,1.528388790049518,Mayor riesgo relativo
2014,COMERCIAL DE MANABI,12,47.44083333333333,7.7124999999999995,32.98916666666667,6.483333333333333,12.708333333333334,2,-0.6153874793461692,-1.3275090662300417,Mayor riesgo relativo
2014,COOPNACIONAL,12,172.11,21.929999999999996,9.169166666666667,33.68083333333333,12.499166666666667,2,-0.9789678839030876,1.2121164729862053,Mayor riesgo relativo
2014,D-MIRO,12,71.47333333333333,12.113333333333335,12.379166666666668,6.875,16.933333333333334,2,-0.8776692350608157,-0.18113677042184947,Mayor riesgo relativo
2014,DELBANK,12,22.346666666666664,8.033333333333333,0.6158333333333333,5.408333333333334,30.395,1,-1.491131673911363,0.7522517698189305,Pequeños con mayor solvencia proxy
2014,DESARROLLO DE LOS PUEBLOS S.A,10,114.644,11.003,5.072,5.6659999999999995,8.791,2,-0.5568258026275139,-0.16971433159204022,Mayor riesgo relativo
2014,FINCA,12,52.27,12.164166666666667,-35.740833333333335,6.650833333333334,16.419166666666666,2,-1.0901853680525189,2.0750520694949386,Mayor riesgo relativo
2014,GENERAL RUMIÑAHUI,12,616.25,39.097500000000004,16.965,2.704166666666667,6.089166666666666,2,-0.177168348864915,-0.9316920377444712,Mayor riesgo relativo
2014,GUAYAQUIL,12,3696.0008333333335,343.9608333333333,14.993333333333332,2.841666666666667,8.570833333333333,2,1.0957096365863994,-0.37822756787296014,Mayor riesgo relativo
2014,INTERNACIONAL,12,2507.1216666666664,202.98166666666665,13.975,1.5350000000000001,6.960833333333333,2,0.5841154885900023,-0.608201859773049,Mayor riesgo relativo
2014,LITORAL,12,25.450833333333332,4.050833333333333,4.170000000000001,11.0475,12.4925,2,-0.8121009341334217,0.26561920906074327,Mayor riesgo relativo
2014,LOJA,12,424.19,36.45333333333333,12.945833333333333,3.3091666666666666,7.8825,2,-0.3264871654559915,-0.6618883086099014,Mayor riesgo relativo
2014,MACHALA,12,681.4275,47.06833333333333,7.064166666666666,2.6999999999999997,6.240833333333334,2,-0.1983125409696688,-0.4476428388314806,Mayor riesgo relativo
2014,PACIFICO,12,3912.975,467.37083333333334,9.358333333333333,1.8499999999999999,10.098333333333334,2,1.3473021240754925,-0.021152736005231605,Mayor riesgo relativo
2014,PICHINCHA,12,9190.428333333333,787.7591666666667,8.866666666666667,4.285,7.850833333333333,0,3.323511610657465,0.5590698970092787,Bancos grandes o consolidados
2014,PROCREDIT,12,459.03999999999996,52.6975,13.170833333333334,2.8466666666666662,10.635,2,-0.38833243542312385,-0.5912185617030707,Mayor riesgo relativo
2014,PRODUBANCO,12,3201.03,260.84666666666664,11.095,1.9341666666666668,7.448333333333333,2,0.8331352915149053,-0.35792018618047805,Mayor riesgo relativo
2014,PROMERICA,12,701.0172727272727,60.28545454545454,12.447272727272725,1.7608333333333333,19.61727272727273,2,-0.6768862540806531,-0.2899574548336555,Mayor riesgo relativo
2014,SOLIDARIO,12,727.8783333333334,108.86583333333334,7.201666666666667,8.045833333333333,13.644166666666665,2,-0.4132239691313085,0.11196222002434375,Mayor riesgo relativo
2014,SUDAMERICANO,7,14.047142857142857,7.838571428571428,7.265714285714286,3.2157142857142857,39.425714285714285,1,-1.8070915889819426,0.6283922204000199,Pequeños con mayor solvencia proxy
2014,TERRITORIAL,12,,,,0.0,,2,-0.3439013395667209,-0.6592600095229297,Mayor riesgo relativo
2014,UNIBANCO,12,,,,0.0,,2,-0.3439013395667209,-0.6592600095229297,Mayor riesgo relativo
2015,AMAZONAS,12,144.98666666666668,19.0525,5.435833333333334,6.300833333333333,11.009166666666667,2,-0.6285382633278715,-0.07257952851794121,Mayor riesgo relativo
2015,AUSTRO,12,1480.1241666666667,137.50416666666666,8.864166666666668,5.650833333333334,8.005833333333333,2,0.08870277948017229,-0.21904863338722572,Mayor riesgo relativo
2015,BOLIVARIANO,12,2640.228333333333,218.42999999999998,13.265,16.966666666666665,7.736666666666667,2,0.43362276404482225,0.2628445950101116,Mayor riesgo relativo
2015,CAPITAL,12,144.87166666666667,17.231666666666666,8.475833333333332,9.444166666666666,10.185833333333333,2,-0.6209135584520976,-0.08430940915189464,Mayor riesgo relativo
2015,CITIBANK,12,527.8941666666666,54.98416666666666,8.986666666666666,0.26,9.420833333333333,2,-0.30770957665777665,-0.5610840468308702,Mayor riesgo relativo
2015,COFIEC,7,17.44857142857143,4.885714285714286,-11.211428571428572,58.347142857142856,19.773333333333333,3,-1.7380473165316783,3.675598031579875,Mayor riesgo relativo
2015,COMERCIAL DE MANABI,12,47.01166666666666,7.87,45.3325,5.895833333333333,13.164166666666667,1,-0.5674740004791647,-1.928676068056101,Pequeños con mayor solvencia proxy
2015,COOPNACIONAL,12,174.67083333333335,23.308333333333334,8.825833333333334,35.29750000000001,13.065833333333332,2,-1.0190917933297219,1.331748773014973,Mayor riesgo relativo
2015,D-MIRO,12,101.40916666666668,13.700000000000001,10.665833333333333,6.353333333333333,13.418333333333335,2,-0.7249703127666294,-0.24272583430446823,Mayor riesgo relativo
2015,DELBANK,12,26.875,10.950000000000001,17.352500000000003,6.677499999999999,34.233333333333334,1,-1.5754002703872039,0.15425674704724396,Pequeños con mayor solvencia proxy
2015,DESARROLLO DE LOS PUEBLOS S.A,12,128.12416666666667,12.758333333333333,12.371666666666668,5.984999999999999,9.359166666666667,2,-0.5416819374525594,-0.4790263527893311,Mayor riesgo relativo
2015,FINCA,12,47.51916666666667,9.399166666666666,-18.445,6.596666666666667,14.694166666666666,2,-0.9425726422697279,1.1902014829254868,Mayor riesgo relativo
2015,GENERAL RUMIÑAHUI,12,584.7633333333333,45.9325,19.423333333333336,3.1641666666666666,7.673333333333333,2,-0.22731056257888355,-0.9688913299865275,Mayor riesgo relativo
2015,GUAYAQUIL,12,3753.345,372.5083333333334,10.808333333333332,3.1575,8.888333333333334,2,1.1367217119864614,-0.1314739943373033,Mayor riesgo relativo
2015,INTERNACIONAL,12,2591.1166666666663,225.79999999999998,14.24,1.6108333333333331,8.0775,2,0.6094534278020404,-0.5601393852312416,Mayor riesgo relativo
2015,LITORAL,12,22.48,4.060833333333333,2.625833333333333,13.735833333333332,14.400833333333333,2,-0.9300629527487899,0.5416404542244602,Mayor riesgo relativo
2015,LOJA,12,423.555,39.876666666666665,12.457500000000001,5.2975,8.836666666666666,2,-0.3836411314753384,-0.5020727389777019,Mayor riesgo relativo
2015,MACHALA,12,634.5500000000001,49.86416666666667,5.571666666666666,2.9291666666666667,7.043333333333333,2,-0.24533265952762687,-0.3388394472086025,Mayor riesgo relativo
2015,PACIFICO,12,4394.579166666666,524.2716666666666,10.245,4.0325,10.361666666666666,0,1.5530354455192787,0.12123107839743155,Bancos grandes o consolidados
2015,PICHINCHA,12,9247.249166666666,839.66,8.965833333333334,4.7124999999999995,8.394166666666667,0,3.427710972868569,0.6299993578062375,Bancos grandes o consolidados
2015,PROCREDIT,12,386.08500000000004,56.214166666666664,5.904166666666666,4.066666666666666,12.87,2,-0.5378872239222061,-0.10975334508908631,Mayor riesgo relativo
2015,PRODUBANCO,12,3670.19,289.7991666666667,9.4,2.6308333333333334,6.949166666666667,2,1.0086268525225208,-0.21302280573969898,Mayor riesgo relativo
2015,SOLIDARIO,12,705.8766666666667,109.34500000000001,6.584166666666667,8.353333333333333,14.403333333333334,2,-0.45485547884665106,0.18179565440789552,Mayor riesgo relativo
2016,AMAZONAS,12,151.655,19.7025,3.5366666666666666,7.208333333333333,9.945833333333333,2,-0.601596445012562,0.029153356573542906,Mayor riesgo relativo
2016,AUSTRO,12,1527.61,146.56666666666666,4.764166666666667,7.230833333333333,8.159166666666666,2,0.07548183742236525,0.07056890077893854,Mayor riesgo relativo
2016,BOLIVARIANO,12,2728.3891666666664,241.45833333333334,7.896666666666666,1.5591666666666668,7.8625,2,0.6548008854968391,-0.2509832491130829,Mayor riesgo relativo
2016,CAPITAL,12,99.06333333333333,15.792499999999999,17.054166666666667,15.451666666666668,11.525833333333333,2,-0.7183712255833287,-0.14112743759177898,Mayor riesgo relativo
2016,CITIBANK,12,542.5133333333333,59.104166666666664,11.445833333333333,0.043333333333333335,9.821666666666667,2,-0.2971282483971498,-0.6721116213841349,Mayor riesgo relativo
2016,COMERCIAL DE MANABI,12,50.120000000000005,8.1825,12.694166666666668,8.37,12.520000000000001,2,-0.7258910577020944,-0.27216375964653466,Mayor riesgo relativo
2016,COOPNACIONAL,12,164.385,24.561666666666667,8.59,53.25,14.386666666666665,3,-1.2836874178280901,2.311191889709249,Mayor riesgo relativo
2016,D-MIRO,12,114.2625,14.789166666666667,13.491666666666667,11.214999999999998,11.6,2,-0.6879925112760455,-0.18700009171704082,Mayor riesgo relativo
2016,DELBANK,12,27.435833333333335,11.005,22.627499999999998,8.411666666666667,33.30833333333333,1,-1.5319283131286956,-0.038385521179257254,Pequeños con mayor solvencia proxy
2016,DESARROLLO DE LOS PUEBLOS S.A,12,146.45833333333334,14.725,1.8091666666666668,7.898333333333333,8.828333333333333,2,-0.584549021127277,0.10555053878350643,Mayor riesgo relativo
2016,FINCA,12,42.729166666666664,11.204166666666666,-1.9341666666666668,9.593333333333334,22.13,2,-1.2006604653509585,0.8122450367790943,Mayor riesgo relativo
2016,GENERAL RUMIÑAHUI,12,610.7116666666667,50.031666666666666,14.014166666666666,3.5883333333333334,7.413333333333334,2,-0.23249568013037364,-0.694827299471092,Mayor riesgo relativo
2016,GUAYAQUIL,12,3723.433333333333,398.7933333333333,6.309166666666667,3.6466666666666665,9.008333333333333,2,1.157576891432235,0.1259146416651491,Mayor riesgo relativo
2016,INTERNACIONAL,12,2838.0766666666664,251.48166666666668,10.782499999999999,1.7874999999999999,7.8425,2,0.7143369331433937,-0.36440227655625435,Mayor riesgo relativo
2016,LITORAL,12,29.479166666666668,5.918333333333334,9.101666666666667,14.846666666666666,17.1225,2,-1.0179134744880716,0.3847218696038726,Mayor riesgo relativo
2016,LOJA,12,401.7683333333334,42.77,8.5175,7.925833333333333,9.315833333333334,2,-0.4513410870914029,-0.1629854407952172,Mayor riesgo relativo
2016,MACHALA,12,589.1816666666667,50.446666666666665,12.826666666666668,4.355833333333334,7.120833333333334,2,-0.23904594794619127,-0.6098371970601331,Mayor riesgo relativo
2016,PACIFICO,12,4938.9525,537.7908333333334,6.6675,4.278333333333333,8.311666666666666,0,1.770181935443485,0.27485162610496483,Bancos grandes o consolidados
2016,PICHINCHA,12,9319.736666666666,885.4825000000001,5.090833333333333,5.565,8.091666666666667,0,3.53221926128996,0.880175632986942,Bancos grandes o consolidados
2016,PROCREDIT,12,380.61833333333334,57.71083333333333,41.02166666666667,4.680833333333333,12.792499999999999,1,-0.37031744367496355,-1.7486388063815643,Pequeños con mayor solvencia proxy
2016,PRODUBANCO,12,3737.980833333333,311.815,5.801666666666667,3.15,7.156666666666666,2,1.042072255868985,0.00919192698192863,Mayor riesgo relativo
2016,SOLIDARIO,12,670.9391666666667,108.53250000000001,3.35,8.636666666666667,14.841666666666667,2,-0.5014796435672583,0.36229733023695165,Mayor riesgo relativo
2016,VISIONFUND ECUADOR,3,40.38666666666666,12.020000000000001,6.073333333333333,5.526666666666666,29.026666666666667,1,-1.396791656063566,0.45627913413023014,Pequeños con mayor solvencia proxy
2017,AMAZONAS,12,161.48333333333332,20.046666666666667,1.9575000000000002,6.399166666666667,10.635,2,-0.6251092796575308,0.08666195998308633,Mayor riesgo relativo
2017,AUSTRO,12,1716.1125,164.7575,3.4058333333333333,6.422499999999999,7.985,2,0.16930032888948665,0.1099189327815243,Mayor riesgo relativo
2017,BOLIVARIANO,12,2982.7083333333335,253.39416666666668,9.0325,8.375,7.2441666666666675,2,0.6903699708156721,0.04702041629333189,Mayor riesgo relativo
2017,CAPITAL,12,66.36916666666666,14.448333333333332,-13.936666666666667,27.4725,15.101666666666667,2,-1.1656869096336369,2.06776531742792,Mayor riesgo relativo
2017,CITIBANK,12,575.2708333333334,65.0225,19.856666666666666,7.8500000000000005,10.734166666666667,2,-0.3644287471246712,-0.6337416039369368,Mayor riesgo relativo
2017,COMERCIAL DE MANABI,12,57.84833333333333,9.226666666666667,20.160833333333333,8.635833333333332,12.438333333333333,2,-0.6855118408172498,-0.6149014854397197,Mayor riesgo relativo
2017,COOPNACIONAL,12,177.0875,26.4575,5.8808333333333325,32.47416666666667,14.453333333333333,2,-1.0496498729935813,1.3754602596341534,Mayor riesgo relativo
2017,D-MIRO,12,103.065,15.715833333333334,4.1275,13.075833333333334,13.806666666666667,2,-0.8460287104867494,0.428162210583319,Mayor riesgo relativo
2017,DELBANK,12,29.900000000000002,11.043333333333331,24.116666666666664,10.104166666666666,30.3425,1,-1.4219219432834294,-0.1222338548228317,Pequeños con mayor solvencia proxy
2017,DESARROLLO DE LOS PUEBLOS S.A,12,169.51333333333335,15.784166666666666,9.933333333333332,7.2775,8.194166666666666,2,-0.5044498786475424,-0.3318089262753303,Mayor riesgo relativo
2017,DINERS,7,1622.532857142857,300.73999999999995,14.022857142857143,5.161428571428572,19.245714285714286,2,0.06116770235338334,-0.00031581912602103693,Mayor riesgo relativo
2017,FINCA,12,56.487500000000004,12.0625,4.058333333333334,4.585,19.783333333333335,2,-1.01172112807866,0.19189279662127676,Mayor riesgo relativo
2017,GENERAL RUMIÑAHUI,12,736.6516666666666,55.267500000000005,16.75,2.2075,7.295833333333333,2,-0.15814364562983754,-0.889174987342533,Mayor riesgo relativo
2017,GUAYAQUIL,12,3903.8233333333333,416.17833333333334,9.810833333333333,2.861666666666667,9.1825,2,1.256582071412316,-0.053627250069745794,Mayor riesgo relativo
2017,INTERNACIONAL,12,3290.2766666666666,276.0025,13.628333333333332,1.4766666666666666,7.745833333333334,2,0.8930389170775663,-0.4771734884329352,Mayor riesgo relativo
2017,LITORAL,12,38.23083333333333,9.969166666666666,6.328333333333334,12.511666666666668,21.6425,1,-1.1786769911001937,0.5522802986348841,Pequeños con mayor solvencia proxy
2017,LOJA,12,426.3108333333333,45.88333333333333,10.920833333333334,5.6258333333333335,9.363333333333333,2,-0.40223349988156576,-0.39050458167062707,Mayor riesgo relativo
2017,MACHALA,12,647.4133333333333,53.73333333333333,4.2625,3.6374999999999997,7.050833333333333,2,-0.24852272740564507,-0.23681574706100542,Mayor riesgo relativo
2017,PACIFICO,12,5163.845,571.4916666666667,10.588333333333333,3.388333333333333,9.060833333333333,0,1.895969312677648,0.1021001188455382,Bancos grandes o consolidados
2017,PICHINCHA,12,10228.441666666668,986.1574999999999,8.801666666666668,4.083333333333333,8.403333333333334,0,3.9880109832719324,0.7536102429926917,Bancos grandes o consolidados
2017,PROCREDIT,12,341.88000000000005,58.25833333333333,20.09,3.9908333333333332,13.599166666666667,2,-0.503826260170554,-0.7643103086859608,Mayor riesgo relativo
2017,PRODUBANCO,12,4066.9325000000003,336.5125,8.51,2.4916666666666667,7.196666666666666,2,1.1912952732106161,-0.11744098035675443,Mayor riesgo relativo
2017,SOLIDARIO,12,697.2441666666667,112.51583333333333,6.572500000000001,6.178333333333334,15.424166666666666,2,-0.46619199543113593,0.10645064389273858,Mayor riesgo relativo
2017,VISIONFUND ECUADOR,12,46.2175,12.584166666666667,9.885,3.6775,27.493333333333336,1,-1.2911645563257155,0.12889657184488576,Pequeños con mayor solvencia proxy
2018,AMAZONAS,12,182.47583333333333,20.285833333333333,51.086666666666666,4.594166666666667,9.5775,1,-0.31833571821648154,-2.3747225290643503,Pequeños con mayor solvencia proxy
2018,AUSTRO,12,1683.0108333333335,172.38333333333333,5.928333333333334,5.805,8.833333333333334,2,0.16375060143546566,-0.010248948058680006,Mayor riesgo relativo
2018,BOLIVARIANO,12,3181.4283333333333,272.72499999999997,13.0075,46.87416666666667,7.761666666666667,3,0.32722848376185454,1.8794783755147306,Mayor riesgo relativo
2018,CAPITAL,12,19.469166666666666,11.219166666666666,-50.51916666666667,67.4575,27.00916666666667,3,-2.316685344721507,6.26049686755959,Mayor riesgo relativo
2018,CITIBANK,12,655.7691666666666,72.17666666666666,11.832500000000001,0.0,9.137500000000001,2,-0.21141123688934405,-0.7011468438077995,Mayor riesgo relativo
2018,COMERCIAL DE MANABI,12,52.9175,9.541666666666666,2.5158333333333336,9.976666666666667,14.255,2,-0.861364123329223,0.3537421903345038,Mayor riesgo relativo
2018,COOPNACIONAL,12,188.58416666666668,27.55333333333333,9.28,14.825833333333334,13.873333333333333,2,-0.7981863555897671,0.2879456917013577,Mayor riesgo relativo
2018,D-MIRO,12,104.5625,17.488333333333333,11.890833333333333,7.895,15.615833333333333,2,-0.8180864505056388,-0.14478263824924936,Mayor riesgo relativo
2018,DELBANK,12,33.3225,11.101666666666667,32.788333333333334,7.096666666666667,27.768333333333334,1,-1.238220142157226,-0.7757567020364143,Pequeños con mayor solvencia proxy
2018,DESARROLLO DE LOS PUEBLOS S.A,12,170.89666666666665,17.52,14.5525,7.425,9.325000000000001,2,-0.5261264220242786,-0.504281409316843,Mayor riesgo relativo
2018,DINERS,12,1931.985,349.78,14.820833333333333,3.945,18.756666666666668,2,0.2805614970978636,-0.06895899302983054,Mayor riesgo relativo
2018,FINCA,12,70.49166666666666,12.614166666666668,4.526666666666666,4.214166666666666,16.290000000000003,2,-0.8570871518956641,0.033568342060870345,Mayor riesgo relativo
2018,GENERAL RUMIÑAHUI,12,816.395,60.725,19.146666666666665,2.353333333333333,7.291666666666667,2,-0.117781517770649,-0.9876322168047724,Mayor riesgo relativo
2018,GUAYAQUIL,12,4121.455,438.25666666666666,12.684166666666668,1.9533333333333334,9.51,2,1.3667479278359158,-0.19939504152617982,Mayor riesgo relativo
2018,INTERNACIONAL,12,3423.4341666666664,304.1025,15.033333333333333,1.2058333333333333,8.533333333333333,2,0.9645311517330933,-0.5060960469049468,Mayor riesgo relativo
2018,LITORAL,12,37.156666666666666,11.435833333333333,8.596666666666666,9.711666666666666,26.8225,1,-1.344927255890553,0.47654540599445894,Pequeños con mayor solvencia proxy
2018,LOJA,12,453.8,48.94333333333333,11.256666666666666,4.050833333333333,9.654166666666667,2,-0.381031904280887,-0.4741334749832959,Mayor riesgo relativo
2018,MACHALA,12,737.6391666666667,56.51083333333333,7.826666666666667,2.625,6.723333333333334,2,-0.17946106931938008,-0.4622898356634993,Mayor riesgo relativo
2018,PACIFICO,12,5375.860833333333,604.5225,15.914166666666667,3.6016666666666666,9.680833333333334,0,2.0165398754504325,-0.08619228417553775,Bancos grandes o consolidados
2018,PICHINCHA,12,10506.606666666667,1057.8441666666668,10.814166666666667,3.965,9.013333333333334,0,4.199844694799401,0.7330127158070849,Bancos grandes o consolidados
2018,PROCREDIT,12,324.82166666666666,59.16583333333333,72.07583333333334,2.905,15.1925,1,-0.30769119038060133,-3.2365885508611303,Pequeños con mayor solvencia proxy
2018,PRODUBANCO,12,4424.8875,367.6858333333333,13.854999999999999,1.9916666666666665,7.491666666666667,2,1.362169968643968,-0.346883416371826,Mayor riesgo relativo
2018,SOLIDARIO,12,749.56,120.40499999999999,11.534166666666666,5.221666666666667,15.991666666666667,2,-0.42469968313407364,-0.15135988439079875,Mayor riesgo relativo
2018,VISIONFUND ECUADOR,12,63.3975,13.623333333333333,9.009166666666667,2.6991666666666667,21.36583333333333,1,-1.0257784935332999,-0.08542750103112276,Pequeños con mayor solvencia proxy
2019,AMAZONAS,11,209.1290909090909,22.295454545454547,40.872727272727275,5.304545454545455,8.678181818181818,2,-0.3283538889412742,-1.8805286616554295,Mayor riesgo relativo
2019,AUSTRO,11,1743.070909090909,180.5890909090909,6.918181818181818,4.950909090909091,9.008181818181818,2,0.20349374079712418,-0.08671113770147797,Mayor riesgo relativo
2019,BOLIVARIANO,11,3453.7836363636366,308.75545454545454,14.58090909090909,10.154545454545454,8.381818181818183,2,0.8814702098686419,-0.02479664553363484,Mayor riesgo relativo
2019,CAPITAL,11,16.015454545454546,9.718181818181819,-23.025454545454547,73.44454545454545,33.50818181818182,3,-2.525446507971262,5.480905454281187,Mayor riesgo relativo
2019,CITIBANK,11,670.9354545454545,75.67818181818183,23.328181818181818,0.0,9.872727272727273,2,-0.17481457530368708,-1.2193975447721357,Mayor riesgo relativo
2019,COMERCIAL DE MANABI,11,51.92181818181818,11.961818181818181,63.99454545454545,12.234545454545453,17.271818181818183,1,-0.7099813727377963,-2.3475373524787315,Pequeños con mayor solvencia proxy
2019,COOPNACIONAL,11,184.9,28.755454545454544,5.271818181818182,28.633636363636366,14.73090909090909,2,-1.0121501361565004,1.2181180175605173,Mayor riesgo relativo
2019,D-MIRO,11,109.12363636363638,19.803636363636365,13.157272727272726,6.858181818181818,17.267272727272726,2,-0.8614727213100318,-0.20072787827630353,Mayor riesgo relativo
2019,DELBANK,11,32.95545454545454,11.198181818181817,3.4536363636363636,6.340909090909091,28.15727272727273,1,-1.3867292903347301,0.592273027331755,Pequeños con mayor solvencia proxy
2019,DESARROLLO DE LOS PUEBLOS S.A,11,177.09181818181818,19.885454545454547,8.33181818181818,7.326363636363637,9.32,2,-0.5479889473540883,-0.21215588913627603,Mayor riesgo relativo
2019,DINERS,11,2329.0809090909092,386.7518181818181,15.810909090909092,4.094545454545455,17.08,2,0.5259197479814383,-0.11890855600617938,Mayor riesgo relativo
2019,FINCA,11,84.54545454545455,14.17909090909091,5.844545454545454,5.392727272727273,15.102727272727272,2,-0.8089564561884157,-0.006795206831769514,Mayor riesgo relativo
2019,GENERAL RUMIÑAHUI,11,894.6281818181818,68.82272727272726,18.905454545454546,2.5727272727272728,7.657272727272727,2,-0.10052658114764362,-0.9429355102116825,Mayor riesgo relativo
2019,GUAYAQUIL,11,4614.852727272727,468.69181818181823,16.779090909090908,1.579090909090909,9.30090909090909,0,1.5795641837212786,-0.37251283096901333,Bancos grandes o consolidados
2019,INTERNACIONAL,11,3558.979090909091,335.7927272727273,14.033636363636363,1.2254545454545456,9.05090909090909,2,1.0408514200754266,-0.412611389005864,Mayor riesgo relativo
2019,LITORAL,11,39.68181818181818,11.602727272727273,26.778181818181817,9.726363636363637,25.08,1,-1.1848117841408556,-0.44520246690378873,Pequeños con mayor solvencia proxy
2019,LOJA,11,488.7681818181818,53.2,14.848181818181816,3.3127272727272725,10.168181818181818,2,-0.358674513507365,-0.6606702182819838,Mayor riesgo relativo
2019,MACHALA,11,769.31,58.31636363636364,6.557272727272727,2.5818181818181816,6.752727272727273,2,-0.17506486278334338,-0.4002326571414076,Mayor riesgo relativo
2019,PACIFICO,11,5785.312727272728,682.4218181818183,15.02090909090909,3.2654545454545456,10.381818181818183,0,2.256785952511042,0.034682541983916286,Bancos grandes o consolidados
2019,PICHINCHA,11,10767.73090909091,1153.9663636363637,10.784545454545453,3.660909090909091,9.769090909090908,0,4.449880860068944,0.818843877159297,Bancos grandes o consolidados
2019,PROCREDIT,11,357.0954545454546,57.16090909090909,5.657272727272727,2.077272727272727,14.210909090909091,2,-0.5753254889264677,-0.15611530961929207,Mayor riesgo relativo
2019,PRODUBANCO,11,4878.649090909091,411.88272727272727,14.68909090909091,2.2563636363636363,7.619090909090909,0,1.5604332137920047,-0.3146959534333647,Bancos grandes o consolidados
2019,SOLIDARIO,11,788.1018181818181,133.62636363636364,12.345454545454546,5.667272727272727,16.758181818181818,2,-0.41872392834053107,-0.13065518685106686,Mayor riesgo relativo
2019,VISIONFUND ECUADOR,11,78.00636363636363,15.22181818181818,15.48,3.5263636363636364,19.63909090909091,1,-0.926307233059267,-0.40687792167802456,Pequeños con mayor solvencia proxy
2020,AMAZONAS,12,228.52166666666668,24.36583333333333,42.7575,3.8349999999999995,8.4,2,-0.28158871028978993,-2.0526568357852977,Mayor riesgo relativo
2020,AUSTRO,12,1848.22,192.34083333333334,5.473333333333334,3.9783333333333335,8.8775,2,0.2636426690401055,-0.059093777726331446,Mayor riesgo relativo
2020,BOLIVARIANO,12,3715.1108333333336,331.9841666666667,9.418333333333333,17.138333333333332,8.1675,2,0.8954015040431131,0.6021128642365215,Mayor riesgo relativo
2020,CAPITAL,12,24.293333333333333,9.005,-21.478333333333335,27.796666666666667,22.465,2,-1.5304721260527747,2.6859904185230135,Mayor riesgo relativo
2020,CITIBANK,12,634.8075,76.02916666666667,12.334166666666667,0.0,8.585,2,-0.1821956648750137,-0.7425330776515621,Mayor riesgo relativo
2020,COMERCIAL DE MANABI,12,52.24333333333333,12.570833333333333,52.83916666666667,6.664166666666667,18.801666666666666,1,-0.7601647538069837,-2.051912542391753,Pequeños con mayor solvencia proxy
2020,COOPNACIONAL,12,184.025,29.660833333333333,4.8225,19.607499999999998,15.1825,2,-0.9255886654585592,0.7909826424009542,Mayor riesgo relativo
2020,D-MIRO,12,109.5025,22.234166666666667,0.36833333333333335,6.510000000000001,18.06,2,-0.9460580800289056,0.41730510842570284,Mayor riesgo relativo
2020,DELBANK,12,31.616666666666664,11.3825,7.0616666666666665,3.7075,27.72583333333333,1,-1.3207078481968026,0.27084382857652617,Pequeños con mayor solvencia proxy
2020,DESARROLLO DE LOS PUEBLOS S.A,12,185.45583333333332,22.522499999999997,5.4425,6.98,10.514166666666666,2,-0.5990938290057257,-0.050190483645762986,Mayor riesgo relativo
2020,DINERS,12,2310.1841666666664,440.965,8.130833333333333,4.0975,18.796666666666667,2,0.5375912670403094,0.3364362635468103,Mayor riesgo relativo
2020,FINCA,12,86.44666666666667,14.543333333333331,10.876666666666667,4.805,13.6925,2,-0.7185769917539221,-0.3234696861464509,Mayor riesgo relativo
2020,GENERAL RUMIÑAHUI,12,938.4083333333333,77.42916666666666,11.660833333333334,2.3541666666666665,7.661666666666666,2,-0.10365274012701609,-0.6019615115156887,Mayor riesgo relativo
2020,GUAYAQUIL,12,5292.5425000000005,508.19,6.654166666666666,1.7991666666666666,8.1275,0,1.8185233159195209,0.14433309799871638,Bancos grandes o consolidados
2020,INTERNACIONAL,12,3743.255833333333,363.6483333333333,9.336666666666666,9.569999999999999,8.880833333333333,2,1.0325707581921595,0.26197743846989463,Mayor riesgo relativo
2020,LITORAL,12,39.090833333333336,11.573333333333332,-2.638333333333333,10.198333333333332,25.007499999999997,1,-1.329419250872534,0.9741642378605453,Pequeños con mayor solvencia proxy
2020,LOJA,12,515.3216666666666,59.365833333333335,6.864166666666667,4.1825,10.026666666666666,2,-0.38150844201468775,-0.23603882040456983,Mayor riesgo relativo
2020,MACHALA,12,805.9891666666666,61.85833333333333,4.758333333333334,1.9241666666666666,6.753333333333334,2,-0.1597795532494062,-0.3442327647056992,Mayor riesgo relativo
2020,PACIFICO,12,6354.537499999999,771.1933333333333,5.7775,2.5825,10.0,0,2.5659702407405374,0.5139069654342026,Bancos grandes o consolidados
2020,PICHINCHA,12,11683.883333333333,1248.9241666666667,5.831666666666667,4.645833333333333,9.310833333333333,0,4.855374277860176,1.201644726679564,Bancos grandes o consolidados
2020,PROCREDIT,12,434.4766666666667,57.46666666666667,8.858333333333333,1.7408333333333335,11.825000000000001,2,-0.43978807695226957,-0.4014673186677928,Mayor riesgo relativo
2020,PRODUBANCO,12,5115.55,431.85083333333336,6.776666666666666,2.5341666666666667,7.304166666666667,0,1.6306546085313103,0.09108877003588199,Bancos grandes o consolidados
2020,SOLIDARIO,12,790.7741666666667,149.84416666666667,35.58583333333333,11.395000000000001,17.7475,1,-0.3766512234058128,-0.8966121896972381,Pequeños con mayor solvencia proxy
2020,VISIONFUND ECUADOR,12,83.99249999999999,16.444166666666668,8.36,3.57,19.101666666666667,2,-0.9349286235449077,-0.08343238103457065,Mayor riesgo relativo
2021,AMAZONAS,12,250.66,24.2975,18.75166666666667,2.7416666666666667,7.819999999999999,2,-0.3559368749068057,-0.9867197703476531,Mayor riesgo relativo
2021,AUSTRO,12,2212.7758333333336,201.26333333333332,4.765833333333333,3.965,7.620909090909091,2,0.41420371330892675,-0.04173027440446141,Mayor riesgo relativo
2021,BOLIVARIANO,12,4091.7308333333335,356.3108333333333,9.87,9.394166666666667,7.980909090909091,2,1.1356761433225269,0.2131446242503401,Mayor riesgo relativo
2021,CAPITAL,12,30.21666666666667,7.165833333333334,-30.449166666666667,8.495,15.462727272727273,2,-1.063218696208474,1.8817728564201741,Mayor riesgo relativo
2021,CITIBANK,12,635.545,80.30666666666666,13.921666666666667,0.0,9.863636363636363,2,-0.21719999073106191,-0.7720308587516023,Mayor riesgo relativo
2021,COMERCIAL DE MANABI,12,57.24666666666667,12.78,45.778333333333336,7.471666666666667,17.298181818181817,1,-0.7402294043944874,-1.7253468300936572,Pequeños con mayor solvencia proxy
2021,COOPNACIONAL,12,192.4416666666667,30.59,3.4475,14.354999999999999,15.092727272727272,2,-0.8631700667771288,0.5841752461584848,Mayor riesgo relativo
2021,D-MIRO,12,114.92166666666667,19.91,5.271666666666667,6.1933333333333325,15.59818181818182,2,-0.8215638036361581,0.08367418731005351,Mayor riesgo relativo
2021,DELBANK,12,32.1575,11.406666666666666,19.998333333333335,4.109166666666667,27.905454545454543,1,-1.2702153220262395,-0.3170024617306421,Pequeños con mayor solvencia proxy
2021,DESARROLLO DE LOS PUEBLOS S.A,12,212.59083333333334,24.251666666666665,6.03,5.7475,8.752727272727272,2,-0.49940398683396175,-0.19841792759997823,Mayor riesgo relativo
2021,DINERS,12,2227.539166666667,444.9925,7.390000000000001,4.385000000000001,20.07,2,0.46893574449725167,0.4271071665353805,Mayor riesgo relativo
2021,FINCA,12,89.83999999999999,14.431666666666667,-51.50083333333333,10.705,9.710909090909091,2,-0.9241122072742729,2.809043608285048,Mayor riesgo relativo
2021,GENERAL RUMIÑAHUI,12,965.9575,82.54083333333334,11.920833333333334,2.14,8.414545454545454,2,-0.11302105112360537,-0.5950978406332671,Mayor riesgo relativo
2021,GUAYAQUIL,12,5959.3825,534.3866666666667,11.5225,1.6825,8.04090909090909,0,2.0562843533073503,-0.04053976088817885,Bancos grandes o consolidados
2021,INTERNACIONAL,12,4106.693333333334,384.6466666666667,9.560833333333333,59.79749999999999,8.512727272727274,3,0.5915259139363349,2.8566540351241745,Mayor riesgo relativo
2021,LITORAL,12,38.42333333333333,11.258333333333333,10.385,7.3975,26.242727272727276,1,-1.285551849786713,0.252904748504915,Pequeños con mayor solvencia proxy
2021,LOJA,12,595.7175,60.218333333333334,6.821666666666666,2.7183333333333333,8.603636363636364,2,-0.28611243641234796,-0.3522091019933833,Mayor riesgo relativo
2021,MACHALA,12,912.2925,64.64999999999999,4.9125000000000005,1.3108333333333333,6.25,2,-0.1009564907388417,-0.39215731382621016,Mayor riesgo relativo
2021,PACIFICO,12,6922.953333333334,793.5241666666667,26.910833333333333,3.1941666666666664,8.833636363636364,0,2.8871706515425415,-0.4509568126345757,Bancos grandes o consolidados
2021,PICHINCHA,12,12620.758333333333,1257.2808333333335,7.188333333333333,3.2566666666666664,8.492727272727272,0,5.141074051798563,1.098331472988246,Bancos grandes o consolidados
2021,PROCREDIT,12,531.27,57.65083333333334,9.243333333333334,1.7566666666666668,9.458181818181817,2,-0.31865323018422637,-0.49319414371614434,Mayor riesgo relativo
2021,PRODUBANCO,12,5601.711666666666,448.49666666666667,7.539166666666667,2.0341666666666667,6.930000000000001,0,1.8025994808786308,0.05533502942934438,Bancos grandes o consolidados
2021,SOLIDARIO,12,774.7241666666667,151.71416666666667,2.848333333333333,4.799166666666667,18.508181818181818,2,-0.48811943255322093,0.3454423174568648,Mayor riesgo relativo
2021,VISIONFUND ECUADOR,12,87.26916666666666,17.6975,5.991666666666667,5.280833333333333,19.325454545454544,2,-0.9719443912448197,0.12561959987680762,Mayor riesgo relativo
2022,AMAZONAS,11,306.28636363636366,26.274545454545454,30.64181818181818,9.317272727272728,7.272,2,-0.3358743362563567,-1.2274553757081346,Mayor riesgo relativo
2022,AUSTRO,11,2435.072727272727,225.0881818181818,4.874545454545454,3.159090909090909,7.563,2,0.5307151620127015,-0.06256863449528187,Mayor riesgo relativo
2022,BOLIVARIANO,11,4537.64,399.7627272727273,12.153636363636364,83.01545454545455,8.386,3,0.4692073340133926,3.95806507297915,Mayor riesgo relativo
2022,CAPITAL,11,40.550000000000004,6.798181818181818,-21.19,4.040909090909091,10.477,2,-0.7600448043849791,1.0445042426829965,Mayor riesgo relativo
2022,CITIBANK,11,662.2145454545454,81.82454545454546,3.8045454545454542,0.0,10.531,2,-0.28399174227639856,-0.266283606906216,Mayor riesgo relativo
2022,COMERCIAL DE MANABI,11,62.17727272727273,13.831818181818182,16.735454545454544,7.81,17.769,2,-0.9001111050061692,-0.31123746837178035,Mayor riesgo relativo
2022,COOPNACIONAL,11,203.91363636363639,31.83181818181818,3.151818181818182,10.637272727272729,14.532999999999998,2,-0.7927503773078629,0.389506316268076,Mayor riesgo relativo
2022,D-MIRO,11,108.25545454545454,19.825454545454544,-5.333636363636363,10.262727272727274,14.222999999999999,2,-0.8653881533284615,0.7498892956725092,Mayor riesgo relativo
2022,DELBANK,11,31.55,11.47,-8.141818181818183,2.7118181818181815,28.270999999999997,1,-1.4046366834231454,0.9604473178727571,Pequeños con mayor solvencia proxy
2022,DESARROLLO DE LOS PUEBLOS S.A,11,237.32,27.24090909090909,6.145454545454545,5.829090909090909,9.708,2,-0.5267171313603266,-0.16410004231595973,Mayor riesgo relativo
2022,DINERS,11,2324.4190909090908,470.8836363636364,11.673636363636364,3.830909090909091,20.291999999999998,2,0.567697315446652,0.2242276559913684,Mayor riesgo relativo
2022,FINCA,11,84.44636363636363,11.192727272727273,-11.054545454545455,12.805454545454547,9.847,2,-0.7677631662857529,0.9977478391120247,Mayor riesgo relativo
2022,GENERAL RUMIÑAHUI,11,1055.72,91.02545454545454,14.54,2.071818181818182,8.409,2,-0.05988076685845561,-0.7127288965073152,Mayor riesgo relativo
2022,GUAYAQUIL,11,6569.827272727273,579.7654545454545,16.30090909090909,1.360909090909091,8.261,0,2.3144638023513497,-0.21282415220414588,Bancos grandes o consolidados
2022,INTERNACIONAL,11,4344.71,416.8736363636363,10.558181818181819,71.47727272727273,9.089,3,0.5630862766231581,3.4633483444061155,Mayor riesgo relativo
2022,LITORAL,11,39.88818181818181,11.364545454545453,2.959090909090909,6.093636363636364,25.719,1,-1.284031090296987,0.5210855252162716,Pequeños con mayor solvencia proxy
2022,LOJA,11,711.6181818181818,65.40090909090908,9.322727272727272,2.432727272727273,8.069999999999999,2,-0.21094861882763138,-0.4937685137776441,Mayor riesgo relativo
2022,MACHALA,11,985.6481818181818,72.24727272727273,7.670909090909091,1.1763636363636363,6.534999999999999,2,-0.06402186858449936,-0.5114969246536035,Mayor riesgo relativo
2022,PACIFICO,11,6912.243636363636,816.8681818181817,12.693636363636363,3.391818181818182,9.568000000000001,0,2.8369037747065016,0.2732484904337049,Bancos grandes o consolidados
2022,PICHINCHA,11,14307.869090909091,1324.0718181818181,10.906363636363636,2.567272727272727,8.522,0,5.696701581773509,1.0275790712807726,Bancos grandes o consolidados
2022,PROCREDIT,11,609.7863636363636,57.939090909090915,9.912727272727272,2.4954545454545456,8.190999999999999,2,-0.253671788275566,-0.5250630447673353,Mayor riesgo relativo
2022,PRODUBANCO,11,6429.084545454545,483.9036363636364,15.67818181818182,1.5872727272727274,6.851999999999999,0,2.1166581801682836,-0.28651235706327915,Bancos grandes o consolidados
2022,SOLIDARIO,11,859.1963636363636,162.11818181818182,6.791818181818181,3.3318181818181816,18.451,2,-0.4069376929638462,0.09204829324067557,Mayor riesgo relativo
2022,VISIONFUND ECUADOR,11,102.71545454545453,18.083636363636362,18.045454545454547,4.624545454545454,17.425,2,-0.8236511964871812,-0.5439564502102137,Mayor riesgo relativo
2023,AMAZONAS,12,329.92583333333334,28.88416666666667,45.494166666666665,3.5416666666666665,5.8425,2,-0.12674561519200994,-2.275526953948834,Mayor riesgo relativo
2023,AUSTRO,12,2404.096666666667,236.45666666666668,6.435833333333334,3.1750000000000003,8.0875,2,0.5354549051842529,-0.11301521071501604,Mayor riesgo relativo
2023,BOLIVARIANO,12,4770.9800000000005,443.5308333333333,13.707500000000001,9.335833333333333,8.8725,0,1.4694458410416373,0.15160793847039722,Bancos grandes o consolidados
2023,CAPITAL,12,39.850833333333334,5.784166666666667,-1.9758333333333333,10.950833333333334,9.9275,2,-0.7279596392547842,0.4677910307140057,Mayor riesgo relativo
2023,CITIBANK,12,784.9200000000001,84.79083333333334,22.175833333333333,0.0,9.563333333333334,2,-0.12129953011898366,-1.1628008793490527,Mayor riesgo relativo
2023,COMERCIAL DE MANABI,12,66.21166666666666,14.183333333333332,36.99916666666667,4.115833333333334,15.19,1,-0.6514757662582625,-1.5507713351520254,Pequeños con mayor solvencia proxy
2023,COOPNACIONAL,12,202.20083333333332,32.4425,4.908333333333333,20.631666666666664,15.104166666666666,2,-0.9234970628579202,0.8397143069563359,Mayor riesgo relativo
2023,D-MIRO,12,80.20583333333333,14.255,-32.336666666666666,17.328333333333333,11.76,2,-0.9958693651480829,2.307852552618376,Mayor riesgo relativo
2023,DELBANK,12,30.506666666666664,11.591666666666667,58.974999999999994,2.8791666666666664,31.55666666666667,1,-1.2179475763261791,-2.1085523378327298,Pequeños con mayor solvencia proxy
2023,DESARROLLO DE LOS PUEBLOS S.A,12,240.1975,30.1775,10.6825,9.161666666666667,10.903333333333334,2,-0.5855730232038568,-0.1658366814349929,Mayor riesgo relativo
2023,DINERS,12,2594.0558333333333,504.8025,12.430833333333334,5.745,18.905833333333334,2,0.7438145272539423,0.27655069046849345,Mayor riesgo relativo
2023,FINCA,4,81.93,12.3675,-47.292500000000004,20.1525,8.6475,2,-0.9769209291830686,3.0573342266088503,Mayor riesgo relativo
2023,GENERAL RUMIÑAHUI,12,1146.1333333333334,101.75916666666667,14.780000000000001,3.3249999999999997,8.522499999999999,2,-0.03327182439526721,-0.6439106680689874,Mayor riesgo relativo
2023,GUAYAQUIL,12,7070.849166666667,649.9558333333333,19.02,2.74,8.715,0,2.5652293454412494,-0.18305568757425325,Bancos grandes o consolidados
2023,INTERNACIONAL,12,4704.086666666667,447.95416666666665,13.39,63.806666666666665,9.070833333333333,3,0.8185812024142433,2.973918832623556,Mayor riesgo relativo
2023,LITORAL,12,42.44833333333333,11.521666666666667,7.875833333333333,8.283333333333333,24.148333333333337,1,-1.2203770349745355,0.3472352868131508,Pequeños con mayor solvencia proxy
2023,LOJA,12,771.5641666666667,69.9225,11.104999999999999,3.9341666666666666,8.070833333333333,2,-0.19616556722166076,-0.49488086596056235,Mayor riesgo relativo
2023,MACHALA,12,1075.0049999999999,77.30916666666667,8.891666666666667,1.5466666666666666,6.603333333333333,2,-0.03367866573285448,-0.5397657023938899,Mayor riesgo relativo
2023,PACIFICO,12,6915.107499999999,872.9841666666666,13.241666666666667,4.765833333333333,10.355833333333333,0,2.919658362886315,0.3792252697136143,Bancos grandes o consolidados
2023,PICHINCHA,12,16162.7275,1519.5466666666669,13.207500000000001,3.7758333333333334,8.863333333333333,0,6.541465921204418,1.2213612288039841,Bancos grandes o consolidados
2023,PROCREDIT,12,670.6999999999999,58.237500000000004,-7.045833333333333,3.8091666666666666,7.055833333333333,2,-0.289780988191134,0.3135899617000864,Mayor riesgo relativo
2023,PRODUBANCO,12,7037.275000000001,539.8616666666667,13.936666666666667,2.8000000000000003,6.995,0,2.3522491127798313,-0.06634466084926226,Bancos grandes o consolidados
2023,SOLIDARIO,12,972.8491666666667,170.11083333333332,5.1125,5.300833333333333,16.231666666666666,2,-0.3030554021814795,0.20964593154421307,Mayor riesgo relativo
2023,VISIONFUND ECUADOR,12,125.86666666666667,19.611666666666668,10.503333333333334,5.2775,15.088333333333333,2,-0.7628932527933674,-0.2287769889448173,Mayor riesgo relativo
2024,AMAZONAS,12,355.1775,33.88333333333333,37.81666666666667,4.216666666666667,7.4425,2,-0.22038759116403983,-1.8173635567402198,Mayor riesgo relativo
2024,AUSTRO,12,2616.23,253.43416666666667,3.2716666666666665,3.6191666666666666,7.7725,2,0.6142621400088516,0.07243420098560074,Mayor riesgo relativo
2024,BOLIVARIANO,12,5098.2025,493.26666666666665,12.4375,7.8475,9.259166666666667,0,1.6516068937735489,0.1983250098828997,Bancos grandes o consolidados
2024,CAPITAL,12,44.705000000000005,8.199166666666667,-7.933333333333334,13.214166666666666,12.435833333333333,2,-0.8796765205408359,0.9538674899554425,Mayor riesgo relativo
2024,CITIBANK,12,726.3908333333334,95.4225,13.719166666666666,0.0,11.62,2,-0.23555497647170703,-0.6883553809414942,Mayor riesgo relativo
2024,COMERCIAL DE MANABI,12,75.19,14.220833333333333,5.739166666666667,2.4491666666666667,14.834166666666667,2,-0.7660435406985491,-0.1628009418847984,Mayor riesgo relativo
2024,COOPNACIONAL,12,217.04999999999998,33.32833333333333,7.460833333333333,10.434166666666668,14.464166666666666,2,-0.7604060653462916,0.1737009558337039,Mayor riesgo relativo
2024,D-MIRO,12,75.72416666666666,12.859166666666667,-53.906666666666666,18.84,10.0275,2,-1.0505069794966053,3.350684389370624,Mayor riesgo relativo
2024,DELBANK,12,33.475833333333334,11.780833333333334,-0.6058333333333332,2.4525,29.9425,1,-1.4328518415269107,0.6459136608666132,Pequeños con mayor solvencia proxy
2024,DESARROLLO DE LOS PUEBLOS S.A,12,261.49833333333333,34.75666666666667,9.505,8.808333333333334,11.565833333333332,2,-0.5991485280139164,-0.10158699653235137,Mayor riesgo relativo
2024,DINERS,12,2910.1525,537.4108333333334,5.381666666666667,6.270833333333333,17.029166666666665,2,0.9261048973351811,0.6136891510483354,Mayor riesgo relativo
2024,GENERAL RUMIÑAHUI,12,1236.9733333333334,112.40750000000001,11.1975,4.02,8.816666666666666,2,-0.02610672520837486,-0.41610987146331924,Mayor riesgo relativo
2024,GUAYAQUIL,12,7872.381666666667,717.1825,14.098333333333334,2.6308333333333334,8.496666666666666,0,2.884854238806591,0.12629758316615272,Bancos grandes o consolidados
2024,INTERNACIONAL,12,5100.734166666666,482.7208333333333,11.549999999999999,1.2783333333333333,8.821666666666667,0,1.7185771670901893,-0.11853507046596773,Bancos grandes o consolidados
2024,LITORAL,12,41.9575,11.765833333333333,20.199166666666667,10.847499999999998,24.360833333333332,1,-1.1991838036548013,-0.09905521571959987,Pequeños con mayor solvencia proxy
2024,LOJA,12,840.3266666666667,76.17166666666667,8.263333333333334,4.180833333333333,8.100833333333334,2,-0.184310292167383,-0.33827876795967865,Mayor riesgo relativo
2024,MACHALA,12,1090.9833333333333,82.60000000000001,4.133333333333334,2.9141666666666666,6.685,2,-0.06031357291480583,-0.2363988878572563,Mayor riesgo relativo
2024,PACIFICO,12,7790.31,896.5658333333334,16.464166666666667,3.8266666666666667,10.375,0,3.195537473840638,0.24447000347460726,Bancos grandes o consolidados
2024,PICHINCHA,12,18020.908333333333,1804.76,7.383333333333333,4.050833333333333,9.248333333333333,0,7.561450153382133,1.8100446676736826,Bancos grandes o consolidados
2024,PROCREDIT,12,684.7466666666666,54.14416666666667,-15.9225,4.509166666666666,5.851666666666667,2,-0.29743343588775195,0.7289073356410727,Mayor riesgo relativo
2024,PRODUBANCO,12,7553.343333333333,597.0325,7.863333333333333,3.605,7.09,0,2.5557754706448477,0.33236058696021076,Bancos grandes o consolidados
2024,SOLIDARIO,12,930.1008333333333,147.14083333333335,45.37916666666667,6.7925,14.3825,1,-0.11218774004971388,-1.7059181132267354,Pequeños con mayor solvencia proxy
2024,VISIONFUND ECUADOR,12,134.37666666666667,21.653333333333336,8.0825,6.675833333333333,15.332500000000001,2,-0.7943786579104559,-0.031822030852078936,Mayor riesgo relativo
2025,AMAZONAS,12,422.805,38.410000000000004,22.477500000000003,3.7775,7.4624999999999995,2,-0.2645668143811675,-1.1037387978515087,Mayor riesgo relativo
2025,ATLANTIDA,7,115.07571428571428,12.694285714285714,2.2914285714285714,8.057142857142857,6.651428571428572,2,-0.5062365768320591,0.014076023516621874,Mayor riesgo relativo
2025,AUSTRO,12,3156.1200000000003,265.2608333333333,7.7058333333333335,2.9633333333333334,7.12,2,0.8182526212356444,-0.15499607006270846,Mayor riesgo relativo
2025,BOLIVARIANO,12,5745.233333333334,544.2933333333333,11.8975,20.788333333333334,9.1175,0,1.7651826132044874,0.9542711338219769,Bancos grandes o consolidados
2025,CAPITAL,12,65.37166666666667,10.651666666666666,-9.1625,2.1350000000000002,12.512500000000001,2,-0.7491184194833694,0.4477220420111207,Mayor riesgo relativo
2025,CITIBANK,12,751.5166666666668,99.1275,19.963333333333335,0.0,12.0575,2,-0.2093452463843355,-0.9664630116468668,Mayor riesgo relativo
2025,COMERCIAL DE MANABI,12,121.94083333333333,17.065,9.493333333333334,3.560833333333333,11.476666666666667,2,-0.6058895308132014,-0.39305235407352496,Mayor riesgo relativo
2025,COOPNACIONAL,12,226.87,34.27583333333333,3.598333333333333,7.944166666666667,14.2975,2,-0.738733690037415,0.22465949422285236,Mayor riesgo relativo
2025,D-MIRO,5,101.37,12.684000000000001,-12.5,14.144,9.67,2,-0.7758943717639439,1.1311971197852493,Mayor riesgo relativo
2025,DELBANK,12,41.355,11.793333333333331,4.6225000000000005,9.853333333333333,22.745833333333334,1,-1.1963625998773084,0.5352195359845016,Pequeños con mayor solvencia proxy
2025,DESARROLLO DE LOS PUEBLOS S.A,12,322.31,36.612500000000004,19.4875,8.2475,9.893333333333333,2,-0.4578030509837399,-0.6565610261019146,Mayor riesgo relativo
2025,DINERS,12,3144.7616666666668,557.3608333333333,7.379166666666666,6.185,16.135,2,1.0716319278222828,0.5102047028213657,Mayor riesgo relativo
2025,GENERAL RUMIÑAHUI,12,1350.2275,121.48083333333334,12.526666666666666,3.3658333333333332,8.671666666666667,2,0.04000442336918452,-0.5055653011318221,Mayor riesgo relativo
2025,GUAYAQUIL,12,9138.175833333333,785.4433333333333,16.315,2.455,8.2675,0,3.3466726819506283,0.12066285391909759,Bancos grandes o consolidados
2025,INTERNACIONAL,12,5635.970833333333,514.74,11.983333333333334,1.5033333333333332,8.634166666666667,0,1.9188458954707583,-0.0826995301820262,Bancos grandes o consolidados
2025,LITORAL,12,41.9675,11.615,4.114166666666667,9.799999999999999,24.218333333333334,1,-1.2590085993128202,0.6063616272350058,Pequeños con mayor solvencia proxy
2025,LOJA,12,956.3775,80.61083333333333,14.093333333333334,3.8074999999999997,7.739999999999999,2,-0.10083267429022391,-0.637113747616578,Mayor riesgo relativo
2025,MACHALA,12,1176.2516666666668,86.25416666666666,7.194166666666667,2.5533333333333332,6.626666666666666,2,-0.011473463977708516,-0.3950882538899019,Mayor riesgo relativo
2025,PACIFICO,12,9265.886666666667,935.2583333333333,20.787499999999998,2.865,8.975833333333332,0,3.704482413256673,0.05290376764530592,Bancos grandes o consolidados
2025,PICHINCHA,12,20818.908333333333,1975.1025,11.146666666666667,3.8874999999999997,9.033333333333333,0,8.60652753175851,1.8850083480779969,Bancos grandes o consolidados
2025,PROCREDIT,12,729.2191666666666,53.78333333333333,-11.979999999999999,4.545833333333333,5.6825,2,-0.2627335232805399,0.5401555117444957,Mayor riesgo relativo
2025,PRODUBANCO,12,8447.761666666667,639.6808333333333,11.277499999999998,2.9341666666666666,7.1225,0,2.876670012153582,0.21561285900745356,Bancos grandes o consolidados
2025,SOLIDARIO,12,793.8216666666667,146.11416666666665,49.30166666666667,6.263333333333333,16.61583333333333,1,-0.21184399902852044,-1.8526035579257307,Pequeños con mayor solvencia proxy
2025,VISIONFUND ECUADOR,12,153.51333333333332,22.9075,18.24,5.840833333333333,14.108333333333334,2,-0.678145551830954,-0.5968696442582422,Mayor riesgo relativo
2026,AMAZONAS,3,441.46000000000004,43.629999999999995,23.41,3.56,8.176666666666668,2,-0.2708098781852363,-1.1307635914996477,Mayor riesgo relativo
2026,ATLANTIDA,3,137.46333333333334,11.863333333333335,22.44666666666667,3.2066666666666666,7.386666666666667,2,-0.3794740947709035,-1.167321901884508,Mayor riesgo relativo
2026,AUSTRO,3,3453.9733333333334,287.48,9.996666666666668,3.453333333333333,7.016666666666667,2,0.9453147163941921,-0.21093112900849306,Mayor riesgo relativo
2026,BOLIVARIANO,3,6237.176666666666,595.0766666666667,10.780000000000001,1.5966666666666667,9.02,0,2.2141247911218858,0.07712345526671514,Bancos grandes o consolidados
2026,CAPITAL,3,78.85000000000001,10.706666666666665,22.866666666666664,3.0500000000000003,10.99,2,-0.5395749624955393,-1.0776111647306266,Mayor riesgo relativo
2026,CITIBANK,3,848.1533333333333,115.06,18.02,0.0,12.326666666666666,2,-0.17178269159859633,-0.8495412547765112,Mayor riesgo relativo
2026,COMERCIAL DE MANABI,3,145.03,19.026666666666667,55.49,2.94,10.69,1,-0.3347954027868596,-2.6343576611612667,Pequeños con mayor solvencia proxy
2026,COOPNACIONAL,3,239.4333333333333,34.68666666666667,3.5066666666666664,4.78,13.543333333333335,2,-0.667449981376157,0.04174633341073168,Mayor riesgo relativo
2026,DELBANK,3,37.92666666666667,12.206666666666669,28.916666666666668,3.6766666666666663,27.66,1,-1.208939152596828,-0.7704344918787375,Pequeños con mayor solvencia proxy
2026,DESARROLLO DE LOS PUEBLOS S.A,3,338.51,38.93,5.02,9.183333333333334,9.976666666666667,2,-0.5330195881326699,0.08413119174396462,Mayor riesgo relativo
2026,DINERS,3,3322.48,583.3100000000001,8.533333333333333,5.653333333333333,16.22,2,1.1789444824034057,0.45731978764219666,Mayor riesgo relativo
2026,GENERAL RUMIÑAHUI,3,1431.4399999999998,134.52,13.893333333333333,3.42,9.13,2,0.07506354808175907,-0.5394064916823071,Mayor riesgo relativo
2026,GUAYAQUIL,3,10181.67,875.0300000000001,17.16,2.33,8.066666666666666,0,3.798841984365656,0.18380955654214487,Bancos grandes o consolidados
2026,INTERNACIONAL,3,6061.456666666666,562.5766666666667,11.13,1.8166666666666667,8.646666666666667,0,2.115079547950521,0.028848222396889635,Bancos grandes o consolidados
2026,LITORAL,3,43.669999999999995,11.78,3.47,9.313333333333334,23.47,1,-1.22490175833521,0.5868235188507556,Pequeños con mayor solvencia proxy
2026,LOJA,3,1024.9966666666667,89.73,13.770000000000001,3.73,7.976666666666667,2,-0.07503316695181778,-0.6080849940242414,Mayor riesgo relativo
2026,MACHALA,3,1267.42,92.42666666666668,8.110000000000001,2.48,6.613333333333333,2,0.02887716338316443,-0.4336610836279615,Mayor riesgo relativo
2026,PACIFICO,3,10258.25,1117.7933333333333,19.41,2.643333333333333,10.049999999999999,0,4.295030843360395,0.313973049541901,Bancos grandes o consolidados
2026,PICHINCHA,3,21991.039999999997,2165.02,11.343333333333334,4.166666666666667,9.43,0,9.283845876079356,2.0892516105481747,Bancos grandes o consolidados
2026,PROCREDIT,3,690.1333333333333,51.39333333333334,3.0366666666666666,3.1833333333333336,6.8566666666666665,2,-0.23689321972203545,-0.20742963095027758,Mayor riesgo relativo
2026,PRODUBANCO,3,9056.22,718.6999999999999,14.636666666666665,2.8800000000000003,7.506666666666667,0,3.194369651006444,0.15064187460515116,Bancos grandes o consolidados
2026,SOLIDARIO,3,777.9366666666666,148.82666666666668,9.033333333333333,5.006666666666667,17.916666666666668,2,-0.44225110946151686,0.04066658345755135,Mayor riesgo relativo
2026,VISIONFUND ECUADOR,3,172.40666666666667,25.963333333333335,19.87,4.973333333333334,14.753333333333332,2,-0.6754677321124725,-0.6941231213248458,Mayor riesgo relativo
